업종명,업소명,소재지(도로명),소재지(지번),소재지전화
일반음식점,남썬치킨 부산역점,"부산광역시 동구 중앙대로221번길 13, 1층 (초량동)",부산광역시 동구 초량동 394-3 ,051-441-1172
일반음식점,서우디엔씨,부산광역시 동구 진성로9번길 13 (수정동),부산광역시 동구 수정동 1-119 ,
일반음식점,중화각,,부산광역시 동구 수정동 1056-0 ,051-467-1312
일반음식점,덕화원만두집,부산광역시 동구 진성로 8-1 (수정동),부산광역시 동구 수정동 1-105 ,051-441-8807
일반음식점,동흥,부산광역시 동구 중앙대로251번길 8-1 (초량동),부산광역시 동구 초량동 170-4 ,051-467-0816
일반음식점,원향재,"부산광역시 동구 대영로243번길 60, 1~3층 (초량동)",부산광역시 동구 초량동 561-2 ,051-467-4868
일반음식점,신발원,부산광역시 동구 대영로243번길 62 (초량동),부산광역시 동구 초량동 561-1 ,051-467-0177
일반음식점,산청한방돼지국밥,부산광역시 동구 진성로28번길 7 (좌천동),부산광역시 동구 좌천동 693-19 ,051-644-9988
일반음식점,철마한우곰탕,부산광역시 동구 고관로 164 (좌천동),부산광역시 동구 좌천동 668-2 ,051-723-0723
일반음식점,울산갈비,부산광역시 동구 초량중로 88 (초량동),부산광역시 동구 초량동 197-13 ,051-465-8003
일반음식점,건화갈비탕,부산광역시 동구 초량로 14-1 (초량동),부산광역시 동구 초량동 174-15 ,051-468-6243
일반음식점,통영숯불장어,부산광역시 동구 범일로90번길 6-1 (범일동),부산광역시 동구 범일동 626-2 ,051-631-7878
일반음식점,송원감자탕,,부산광역시 동구 초량동 207-0 ,051-464-0339
일반음식점,장성향,부산광역시 동구 대영로243번길 29 (초량동),부산광역시 동구 초량동 609-1 ,051-467-4496
일반음식점,금오리,부산광역시 동구 초량로14번길 8 (초량동),부산광역시 동구 초량동 178-2 ,051-467-8758
일반음식점,늘보고방,부산광역시 동구 중앙대로251번길 8-5 (초량동),부산광역시 동구 초량동 170-1 ,051-468-8183
일반음식점,신전떡볶이,부산광역시 동구 초량로 18-1 (초량동),부산광역시 동구 초량동 174-1 ,051-467-7088
일반음식점,마라톤집,,부산광역시 동구 범일동 633-37 ,051-631-7895
일반음식점,한양각,부산광역시 동구 중앙대로226번길 7-6 (초량동),부산광역시 동구 초량동 1196-9 ,051-465-2001
일반음식점,삼생원,부산광역시 동구 대영로243번길 56 (초량동),부산광역시 동구 초량동 563-0 ,051-468-4881
일반음식점,오뚜기식당,"부산광역시 동구 수정중로11번길 12, 1층 (수정동)",부산광역시 동구 수정동 797-34 ,
일반음식점,초량골목갈비 원조 산수갑산,부산광역시 동구 초량로 17-3 (초량동),부산광역시 동구 초량동 197-23 ,051-463-1722
일반음식점,오븐에꾸운닭,부산광역시 동구 초량로 17 (초량동),부산광역시 동구 초량동 197-17 ,051-468-2427
일반음식점,왕가,부산광역시 동구 고관로 67-1 (수정동),부산광역시 동구 수정동 336-6 ,051-468-9696
일반음식점,언양갈비,부산광역시 동구 초량로 7-2 (초량동),부산광역시 동구 초량동 197-39 ,051-462-2508
일반음식점,정선장횟집,부산광역시 동구 진성로 12 (수정동),부산광역시 동구 수정동 214-7 ,051-468-1384
일반음식점,제일곰장어,"부산광역시 동구 초량로 23 (초량동,53,55,57)","부산광역시 동구 초량동 197-51 53,55,57 ",051-468-8392
일반음식점,부산식당,부산광역시 동구 초량로 27 (초량동),부산광역시 동구 초량동 278-3 ,051-468-5623
일반음식점,서울감자탕,부산광역시 동구 초량로 23-2 (초량동),부산광역시 동구 초량동 197-1 ,051-467-5538
일반음식점,길림성,부산광역시 동구 초량상로157번길 48 (수정동),부산광역시 동구 수정동 333-2 ,051-466-2665
일반음식점,땅땅치킨 부산역점,부산광역시 동구 중앙대로209번길 6 (초량동),부산광역시 동구 초량동 489-4 ,051-441-9919
일반음식점,전통본가밀면,"부산광역시 동구 범일로 101-4, 1층 (범일동)",부산광역시 동구 범일동 917-5 ,051-646-3844
일반음식점,골목식당,부산광역시 동구 중앙대로533번길 8 (범일동),부산광역시 동구 범일동 28-10 ,051-645-0611
일반음식점,평산옥,,부산광역시 동구 초량동 591-0 ,051-468-6255
일반음식점,언양갈비,부산광역시 동구 범일로89번길 6 (범일동),부산광역시 동구 범일동 935-2 ,051-636-7567
일반음식점,삼오집,부산광역시 동구 초량중로 88 (초량동),부산광역시 동구 초량동 197-13 ,051-467-8862
일반음식점,미스터짹,부산광역시 동구 초량로 11 (초량동),부산광역시 동구 초량동 197-2 ,051-467-6805
일반음식점,남해집,부산광역시 동구 초량로 17-4 (초량동),부산광역시 동구 초량동 197-42 ,051-468-3075
일반음식점,일미정,부산광역시 동구 고관로29번길 14-1 (초량동),부산광역시 동구 초량동 39-0 ,051-468-6248
일반음식점,열차승무원급식소,부산광역시 동구 중앙대로 206 (초량동),부산광역시 동구 초량동 1187-1 ,
일반음식점,꼬꼬마당,부산광역시 동구 진성로9번길 28 (수정동),부산광역시 동구 수정동 189-6 ,051-468-3714
일반음식점,왕만두,,"부산광역시 동구 초량동 135-23 ,50 ",051-468-3313
일반음식점,제일예천수육,부산광역시 동구 진성로9번길 62 (수정동),부산광역시 동구 수정동 153-0 ,051-467-7868
일반음식점,박사장갈비,"부산광역시 동구 범곡북로3번길 5 (범일동,1622-40)",부산광역시 동구 범일동 44-8 1622-40 ,051-635-0482
일반음식점,일송돼지목살숫불구이,부산광역시 동구 고관로 140 (수정동),부산광역시 동구 수정동 227-65 ,051-467-0170
일반음식점,사거리분식,부산광역시 동구 수정중로11번길 3 (수정동),,051-468-5045
일반음식점,부광갈비,부산광역시 동구 초량중로 88 (초량동),부산광역시 동구 초량동 197-13 ,051-467-7389
일반음식점,은하갈비,부산광역시 동구 초량중로 86 (초량동),부산광역시 동구 초량동 264-1 ,051-467-4303
일반음식점,이토나무 부산진역점,부산광역시 동구 고관로 129-2 (수정동),부산광역시 동구 수정동 234-14 ,
일반음식점,밀양생선구이,부산광역시 동구 중앙대로 243-11 (초량동),부산광역시 동구 초량동 171-13 ,051-467-8793
일반음식점,정운포차,부산광역시 동구 중앙대로251번길 24 (초량동),부산광역시 동구 초량동 49-7 ,051-467-5749
일반음식점,남해회초밥,부산광역시 동구 중앙대로274번길 3-7 (초량동),부산광역시 동구 초량동 1164-4 ,051-469-1895
일반음식점,BBQ 초량점,부산광역시 동구 고관로 37 (수정동),부산광역시 동구 수정동 397-38 ,
일반음식점,우영식당,,부산광역시 동구 좌천동 223-3 ,051-462-6312
일반음식점,고려반점,부산광역시 동구 초량중로 21 (초량동),부산광역시 동구 초량동 1057-317 ,051-468-1620
일반음식점,또순이 포차,"부산광역시 동구 조방로49번길 13 (범일동,,830-47, 830-48)","부산광역시 동구 범일동 830-46 ,830-47, 830-48 ",051-636-4064
일반음식점,네네치킨(초량점),부산광역시 동구 초량북로 1 (초량동),부산광역시 동구 초량동 825-21 ,051-441-1456
일반음식점,충무코다리,부산광역시 동구 초량로16번길 10 (초량동),부산광역시 동구 초량동 190-0 ,
일반음식점,영심이왕족발,"부산광역시 동구 진성로9번길 10 (수정동,, 210-4)","부산광역시 동구 수정동 210-3 , 210-4 ",051-461-0166
일반음식점,오소리순대,"부산광역시 동구 범일로 101-6 (범일동,,924-1)","부산광역시 동구 범일동 917-6 ,924-1 ",051-643-0971
일반음식점,노마진포차,부산광역시 동구 조방로49번길 15 (범일동),부산광역시 동구 범일동 830-256 ,051-637-2229
일반음식점,소우닭계,부산광역시 동구 조방로16번길 20 (범일동),부산광역시 동구 범일동 830-100 ,051-646-0920
일반음식점,쪽갈비쪽,부산광역시 동구 조방로49번길 26-1 (범일동),부산광역시 동구 범일동 830-35 ,051-809-7007
일반음식점,두찜 부산범일점,부산광역시 동구 정공단로 49 (범일동),부산광역시 동구 범일동 147-1 ,051-642-4651
일반음식점,초량식당,부산광역시 동구 초량로 15 (초량동),부산광역시 동구 초량동 200-0 ,051-468-2738
일반음식점,부산식당,,부산광역시 동구 범일동 915-0 ,051-647-5247
일반음식점,골목집,,부산광역시 동구 범일동 288-0 ,051-633-5170
일반음식점,중식당 진,부산광역시 동구 수정로 11 (수정동),부산광역시 동구 수정동 119-2 ,051-465-8888
일반음식점,북경,부산광역시 동구 고관로 129 (수정동),부산광역시 동구 수정동 234-19 ,051-467-8117
일반음식점,88 돼지갈비,"부산광역시 동구 고관로 101-1 (수정동,, 301-5,7)","부산광역시 동구 수정동 301-3 , 301-5,7 ",051-468-3065
일반음식점,날마다좋은집,부산광역시 동구 진성로9번길 16 (수정동),부산광역시 동구 수정동 210-6 ,051-467-1149
일반음식점,장춘족발,부산광역시 동구 조방로49번길 18-1 (범일동),부산광역시 동구 범일동 833-5 ,051-6473-311
일반음식점,수식당,부산광역시 동구 고관로33번길 4 (수정동),부산광역시 동구 수정동 397-7 ,051-464-7109
일반음식점,오늘도 양곱창,부산광역시 동구 초량로 15-10 (초량동),부산광역시 동구 초량동 197-46 ,
일반음식점,대게천국,부산광역시 동구 조방로 39-7 (범일동),부산광역시 동구 범일동 830-303 ,051-645-0025
일반음식점,두리반 한정식,부산광역시 동구 중앙대로196번길 6-5 (초량동),부산광역시 동구 초량동 1204-4 ,051-468-2225
일반음식점,물금횟집,부산광역시 동구 고관로 106 (수정동),부산광역시 동구 수정동 170-1 ,051-466-5742
일반음식점,남원추어탕,부산광역시 동구 중앙대로180번길 9 (초량동),부산광역시 동구 초량동 1204-13 ,051-463-5433
일반음식점,마산아구찜,부산광역시 동구 중앙대로371번길 24 (수정동),부산광역시 동구 수정동 200-4 ,051-441-8188
일반음식점,초량분식,부산광역시 동구 초량로 49 (초량동),부산광역시 동구 초량동 811-43 ,051-931-0610
일반음식점,신향양다리구이,부산광역시 동구 조방로49번길 15 (범일동),부산광역시 동구 범일동 830-256 ,051-636-6166
일반음식점,영춘식당,부산광역시 동구 중앙대로286번길 3-1 (초량동),부산광역시 동구 초량동 1163-9 ,
일반음식점,물레방아,부산광역시 동구 대영로243번길 10 (초량동),부산광역시 동구 초량동 621-2 ,
일반음식점,심청이보쌈,부산광역시 동구 범일로90번길 16 (범일동),부산광역시 동구 범일동 572-3 ,051-635-3738
일반음식점,초량장어,부산광역시 동구 초량상로 103 (초량동),부산광역시 동구 초량동 129-7 ,051-466-2389
일반음식점,카페051부산역점,부산광역시 동구 중앙대로 209 (초량동),부산광역시 동구 초량동 1207-7 ,051-442-0510
일반음식점,대지집,부산광역시 동구 범일로89번길 33 (범일동),부산광역시 동구 범일동 662-69 ,051-642-9150
일반음식점,용성루,부산광역시 동구 자성로8번길 16 (좌천동),부산광역시 동구 좌천동 192-3 ,051-632-8585
일반음식점,국제오징어,"부산광역시 동구 조방로49번길 11 (범일동,,45)","부산광역시 동구 범일동 830-44 ,45 ",051-639-7942
일반음식점,윤희네,"부산광역시 동구 조방로49번길 11 (범일동,, 830-45)","부산광역시 동구 범일동 830-44 , 830-45 ",051-632-3095
일반음식점,정쭈삼,부산광역시 동구 초량로 7-2 (초량동),부산광역시 동구 초량동 197-39 ,051-462-2873
일반음식점,보문정숯불갈비,"부산광역시 동구 중앙대로361번길 24-16 (수정동,,192-7)","부산광역시 동구 수정동 191-1 ,192-7 ",051-468-6551
일반음식점,중독갈비,부산광역시 동구 초량로 7-1 (초량동),부산광역시 동구 초량동 197-40 ,051-468-3124
일반음식점,컴포즈커피,부산광역시 동구 진성로9번길 21 (수정동),부산광역시 동구 수정동 3-2 ,051-464-9291
일반음식점,중앙반점황궁,부산광역시 동구 중앙대로196번길 12-8 (초량동),부산광역시 동구 초량동 1204-6 ,051-469-1433
일반음식점,땅스부대찌개,부산광역시 동구 중앙대로371번길 8 (수정동),부산광역시 동구 수정동 1-117 ,051-466-8599
일반음식점,할매곱창집,부산광역시 동구 수정동로 22-2 (수정동),부산광역시 동구 수정동 547-22 ,
일반음식점,청용각,부산광역시 동구 홍곡로 67 (수정동),부산광역시 동구 수정동 1011-51 ,051-468-0528
일반음식점,할매식당,부산광역시 동구 진성로9번길 54 (수정동),부산광역시 동구 수정동 157-3 ,051-464-1715
일반음식점,진주식당,부산광역시 동구 진성로9번길 60 (수정동),부산광역시 동구 수정동 154-2 ,051-468-4234
일반음식점,풍기삼계탕,부산광역시 동구 중앙대로286번길 3-5 (초량동),부산광역시 동구 초량동 1163-8 ,051-465-7377
일반음식점,화성통삼겹,부산광역시 동구 초량로 5 (초량동),부산광역시 동구 초량동 207-9 ,051-468-2112
일반음식점,신흥관,"부산광역시 동구 정공단로 47 (범일동,160-5)",부산광역시 동구 범일동 158-1 160-5 ,051-643-7773
일반음식점,남경해물낙지,부산광역시 동구 중앙대로196번길 12-8 (초량동),부산광역시 동구 초량동 1204-6 ,051-469-6153
일반음식점,바리스트로 부산역점,부산광역시 동구 중앙대로196번길 12-8 (초량동),부산광역시 동구 초량동 1204-6 중앙빌딩 101호 ,
일반음식점,밀양돼지국밥,부산광역시 동구 중앙대로196번길 6-11 (초량동),부산광역시 동구 초량동 1204-17 ,051-463-9926
일반음식점,제주가,부산광역시 동구 중앙대로196번길 6-9 (초량동),부산광역시 동구 초량동 1204-8 ,051-462-8877
일반음식점,서호밀면,"부산광역시 동구 초량중로 113-1 (초량동,, 1072-59)","부산광역시 동구 초량동 90-19 , 1072-59 ",
일반음식점,거창통닭,부산광역시 동구 진성로9번길 28 (수정동),부산광역시 동구 수정동 189-6 ,051-468-7590
일반음식점,엄마백반,부산광역시 동구 중앙대로286번길 7-11 (초량동),부산광역시 동구 초량동 1162-1 ,051-464-1638
일반음식점,단미포차,부산광역시 동구 진성로9번길 14 (수정동),부산광역시 동구 수정동 210-6 ,051-442-2588
일반음식점,미진축산(부산진역점),"부산광역시 동구 진성로9번길 22 (수정동,4,13,14,16  195-3)","부산광역시 동구 수정동 189-3 4,13,14,16  195-3 ",051-467-7918
일반음식점,60년전통할매국밥,부산광역시 동구 중앙대로533번길 4 (범일동),부산광역시 동구 범일동 28-5 ,051-646-6295
일반음식점,초량갈비,부산광역시 동구 초량로 17-7 (초량동),부산광역시 동구 초량동 197-36 ,051-467-9276
일반음식점,또올식당,부산광역시 동구 범일일길 8 (범일동),부산광역시 동구 범일동 652-14 ,051-636-2567
일반음식점,둥지식당,부산광역시 동구 부산진성공원로3번길 23 (범일동),부산광역시 동구 범일동 575-2 ,051-404-5328
일반음식점,명가,부산광역시 동구 부산진성공원로 23-9 (범일동),부산광역시 동구 범일동 570-34 ,051-644-0079
일반음식점,골목일번지,부산광역시 동구 중앙대로371번길 9 (수정동),부산광역시 동구 수정동 3-3 ,051-462-0208
일반음식점,원조 자연산 장어구이,부산광역시 동구 부산진성공원로3번길 23-3 (범일동),부산광역시 동구 범일동 575-1 ,051-635-6503
일반음식점,풍성식당,,"부산광역시 동구 수정동 213-2 210-3,4 ",051-467-4659
일반음식점,초량언니,부산광역시 동구 초량로 17 (초량동),부산광역시 동구 초량동 197-16 ,051-467-8408
일반음식점,현대식당,부산광역시 동구 범일로90번길 14 (범일동),부산광역시 동구 범일동 572-12 ,051-646-4171
일반음식점,양이랑,부산광역시 동구 중앙대로179번길 3 (초량동),부산광역시 동구 초량동 1210-2 ,051-465-8868
일반음식점,경회루,부산광역시 동구 중앙대로180번길 6-13 (초량동),부산광역시 동구 초량동 1212-8 ,051-463-6589
일반음식점,은자식당,부산광역시 동구 초량상로 61-2 (초량동),부산광역시 동구 초량동 973-5 ,
일반음식점,팔봉이 밀면,부산광역시 동구 중앙대로320번길 3-10 (초량동),부산광역시 동구 초량동 1153-4 ,
일반음식점,호호식당,부산광역시 동구 범곡북로 30 (범일동),부산광역시 동구 범일동 1484-3 ,051-632-5574
일반음식점,하동식당,부산광역시 동구 진성로9번길 54 (수정동),부산광역시 동구 수정동 157-3 ,051-468-9571
일반음식점,통일집,부산광역시 동구 초량상로 136 (수정동),부산광역시 동구 수정동 389-24 ,051-467-3836
일반음식점,조마루뼈다귀수정점,"부산광역시 동구 고관로 139 (수정동,, 230-6)","부산광역시 동구 수정동 227-39 , 230-6 ",051-468-0760
일반음식점,단무지,"부산광역시 동구 정공단로 35 (좌천동,429-11,12)","부산광역시 동구 좌천동 429-10 429-11,12 ",051-632-0099
일반음식점,열정국밥,부산광역시 동구 진성로9번길 11-1 (수정동),부산광역시 동구 수정동 1-163 ,051-468-1232
일반음식점,초량죽집,부산광역시 동구 초량중로 80 (초량동),부산광역시 동구 초량동 243-3 ,051-468-9500
일반음식점,석화한정식,부산광역시 동구 조방로 21 (범일동),부산광역시 동구 범일동 830-61 ,051-632-5005
일반음식점,신토불이 영양솥밥 한정식,부산광역시 동구 조방로49번길 24 (범일동),부산광역시 동구 범일동 830-32 ,051-646-1582
일반음식점,본전돼지국밥,부산광역시 동구 중앙대로214번길 3-8 (초량동),부산광역시 동구 초량동 1200-6 ,051-441-2946
일반음식점,오지범,부산광역시 동구 범일로90번길 16-8 (범일동),부산광역시 동구 범일동 578-1 ,
일반음식점,대복집,부산광역시 동구 부산진성공원로 1-12 (범일동),부산광역시 동구 범일동 617-4 ,051-634-3838
일반음식점,조방주막,부산광역시 동구 부산진성공원로3번길 19-2 (범일동),부산광역시 동구 범일동 575-3 ,051-638-3344
일반음식점,왕새우 매운돼지,부산광역시 동구 중앙대로371번길 8 (수정동),부산광역시 동구 수정동 1-117 ,051-462-7338
일반음식점,진호프,"부산광역시 동구 고관로 83-1 (수정동,1/3)",부산광역시 동구 수정동 324-5 1/3 ,051-468-8486
일반음식점,화성곰탕,부산광역시 동구 부산진성공원로3번길 19-4 (범일동),부산광역시 동구 범일동 574-4 ,051-647-0880
일반음식점,초량이바구양지국밥,부산광역시 동구 초량로 117 (초량동),부산광역시 동구 초량동 851-7 ,051-467-6847
일반음식점,문출래된장,부산광역시 동구 중앙대로214번길 3-6 (초량동),부산광역시 동구 초량동 1200-7 ,051-469-9609
일반음식점,팔도통닭 범일점,부산광역시 동구 조방로49번길 17 (범일동),부산광역시 동구 범일동 830-220 ,051-633-5892
일반음식점,착한동태,"부산광역시 동구 조방로49번길 13 (범일동,47,48)","부산광역시 동구 범일동 830-46 47,48 ",051-633-3999
일반음식점,우지커피 부산진역점,,부산광역시 동구 수정동 210-6 ,051-469-4789
일반음식점,동백식당,부산광역시 동구 중앙대로 192 (초량동),부산광역시 동구 초량동 1205-1 ,
일반음식점,일품향,부산광역시 동구 대영로243번길 22 (초량동),부산광역시 동구 초량동 616-3 ,051-467-1016
일반음식점,꼬꼬뱅보양닭요리전문점,부산광역시 동구 조방로49번길 12-1 (범일동),부산광역시 동구 범일동 833-16 ,051-646-3030
일반음식점,푸짐한 마을 실비식당,"부산광역시 동구 조방로49번길 13 (범일동,47)",부산광역시 동구 범일동 830-46 47 ,051-632-6969
일반음식점,범일돼지갈비,부산광역시 동구 조방로49번길 17 (범일동),부산광역시 동구 범일동 830-220 ,051-643-3112
일반음식점,교촌치킨,부산광역시 동구 조방로49번길 10 (범일동),부산광역시 동구 범일동 833-2 ,051-642-8558
일반음식점,가덕할매집,부산광역시 동구 범일로89번길 51-3 (범일동),부산광역시 동구 범일동 668-45 ,051-642-6875
일반음식점,아바차,부산광역시 동구 대영로243번길 49 (초량동),부산광역시 동구 초량동 579-1 ,051-469-0077
일반음식점,텐퍼센트,부산광역시 동구 중앙대로286번길 3-3 (초량동),부산광역시 동구 초량동 1163-11 ,051-469-1745
일반음식점,소삼대,부산광역시 동구 조방로49번길 16 (범일동),부산광역시 동구 범일동 833-4 ,051-642-5990
일반음식점,미락정,부산광역시 동구 중앙대로180번길 12-13 (초량동),부산광역시 동구 초량동 1213-22 ,051-463-3255
일반음식점,최고집,부산광역시 동구 부산진성공원로3번길 19-3 (범일동),부산광역시 동구 범일동 620-1 ,
일반음식점,내고향추어탕,부산광역시 동구 고관로 138-1 (수정동),부산광역시 동구 수정동 227-66 ,051-441-2220
일반음식점,육회왕자연어공주 부산초량점,부산광역시 동구 초량로 9 (초량동),부산광역시 동구 초량동 197-22 ,051-466-3782
일반음식점,대복,부산광역시 동구 중앙대로214번길 3-6 (초량동),부산광역시 동구 초량동 1200-7 ,051-442-1210
일반음식점,경북산곰장어,"부산광역시 동구 초량로 25 (초량동,, 275-2, 276-4)","부산광역시 동구 초량동 275-0 , 275-2, 276-4 ",051-441-9292
일반음식점,서울장춘족발,부산광역시 동구 초량중로 82-1 (초량동),부산광역시 동구 초량동 253-4 ,051-469-0645
일반음식점,초량24시보리밥배내골옻닭,부산광역시 동구 초량중로 103 (초량동),부산광역시 동구 초량동 110-25 ,051-467-9999
일반음식점,초량본가,부산광역시 동구 초량중로 70 (초량동),부산광역시 동구 초량동 296-28 ,051-467-0722
일반음식점,신풍분식,부산광역시 동구 고관로13번길 40 (초량동),부산광역시 동구 초량동 113-8 ,051-468-9014
일반음식점,나베야돈까스,부산광역시 동구 고관로 133-1 (수정동),부산광역시 동구 수정동 232-7 ,051-444-1050
일반음식점,부일삼계탕,부산광역시 동구 진성로9번길 26 (수정동),부산광역시 동구 수정동 189-17 ,051-467-4314
일반음식점,북경,부산광역시 동구 자성로133번길 45-1 (범일동),부산광역시 동구 범일동 830-170 ,051-632-7778
일반음식점,고전사랑방,"부산광역시 동구 초량중로 99 (초량동,,16, 17)","부산광역시 동구 초량동 135-10 ,16, 17 ",051-468-2140
일반음식점,씨유(CU)동구수정점,부산광역시 동구 중앙대로371번길 25 (수정동),부산광역시 동구 수정동 198-4 ,051-468-0999
일반음식점,수양버드나무집,부산광역시 동구 중앙대로 393-7 (수정동),부산광역시 동구 수정동 1-79 ,051-468-8989
일반음식점,정아밀면돼지국밥,부산광역시 동구 중앙대로251번길 18 (초량동),부산광역시 동구 초량동 167-6 ,051-441-1001
일반음식점,마가 만두집,부산광역시 동구 대영로243번길 56 (초량동),부산광역시 동구 초량동 563-0 ,051-468-4059
일반음식점,정원식당,부산광역시 동구 중앙대로231번길 42 (초량동),부산광역시 동구 초량동 291-10 ,051-468-6751
일반음식점,동산식당,"부산광역시 동구 중앙대로274번길 3-7 (초량동,, 1164-12)","부산광역시 동구 초량동 1164-4 , 1164-12 ",051-463-5102
일반음식점,칠칠식당,,부산광역시 동구 수정동 189-23 ,051-465-4377
일반음식점,더금송,부산광역시 동구 조방로49번길 16-1 (범일동),부산광역시 동구 범일동 833-35 ,051-635-1028
일반음식점,구이전문점,부산광역시 동구 진성로9번길 36 (수정동),부산광역시 동구 수정동 189-11 ,051-465-2116
일반음식점,진주식당,부산광역시 동구 성남로47번길 2 (좌천동),부산광역시 동구 좌천동 68-93 ,051-631-4547
일반음식점,강동생오리,부산광역시 동구 고관로29번길 22 (초량동),부산광역시 동구 초량동 36-6 ,051-464-8052
일반음식점,혜랑,부산광역시 동구 망양로 890 (범일동),부산광역시 동구 범일동 1445-25 ,051-639-5982
일반음식점,중화루,"부산광역시 동구 중앙대로 523-1, 1층 (범일동)",부산광역시 동구 범일동 72-2 ,051-631-6015
일반음식점,역전할머니맥주 범일점,부산광역시 동구 조방로49번길 28 (범일동),부산광역시 동구 범일동 830-36 ,051-638-9233
일반음식점,기장장어,부산광역시 동구 부산진성공원로3번길 11-4 (범일동),부산광역시 동구 범일동 623-1 ,051-647-2620
일반음식점,용이네뒷고기 범일직영점,부산광역시 동구 범일로 92-8 (범일동),부산광역시 동구 범일동 830-219 ,051-635-8900
일반음식점,풍미식당,부산광역시 동구 조방로49번길 13 (범일동),부산광역시 동구 범일동 830-46 ,051-642-5154
일반음식점,내내식당,"부산광역시 동구 진성로 51 (좌천동,1015-6)",부산광역시 동구 좌천동 997-18 1015-6 ,051-464-8179
일반음식점,비턴 범일점,부산광역시 동구 조방로49번길 15 (범일동),부산광역시 동구 범일동 830-256 ,051-632-5500
일반음식점,맥주편의점(Beer store),부산광역시 동구 중앙대로221번길 10 (초량동),부산광역시 동구 초량동 386-1 ,051-465-0655
일반음식점,부영회관,부산광역시 동구 중앙대로196번길 12-9 (초량동),부산광역시 동구 초량동 1203-17 ,051-462-5501
일반음식점,하림식당,부산광역시 동구 고관로 110-6 (수정동),부산광역시 동구 수정동 181-3 ,051-441-6332
일반음식점,웅복,부산광역시 동구 진성로28번길 19 (좌천동),부산광역시 동구 좌천동 692-18 ,051-632-2019
일반음식점,덕화네 수구레국밥,부산광역시 동구 중앙대로361번길 24-18 (수정동),부산광역시 동구 수정동 192-6 ,051-466-8918
일반음식점,부엌우동집,부산광역시 동구 중앙대로214번길 7-9 (초량동),부산광역시 동구 초량동 1200-13 ,051-462-8610
일반음식점,해신자연산횟집,부산광역시 동구 중앙대로196번길 12-11 (초량동),부산광역시 동구 초량동 1203-7 ,051-462-2255
일반음식점,본가장어구이,부산광역시 동구 부산진성공원로3번길 10 (범일동),부산광역시 동구 범일동 618-17 ,051-627-3233
일반음식점,주식회사 더디앤제이,"부산광역시 동구 범일로 64-5 (범일동,11,12)","부산광역시 동구 범일동 321-6 11,12 ",051-645-5030
일반음식점,스시단,부산광역시 동구 부산진성공원로 23-11 (범일동),부산광역시 동구 범일동 570-33 ,051-977-3743
일반음식점,코카모메 부산역점,부산광역시 동구 초량로13번길 76 (초량동),부산광역시 동구 초량동 510-3 ,051-468-6531
일반음식점,한진식당,"부산광역시 동구 조방로49번길 13 (범일동,830-47,48)","부산광역시 동구 범일동 830-46 830-47,48 ",051-643-2348
일반음식점,거원반점,부산광역시 동구 범일로 92-6 (범일동),부산광역시 동구 범일동 830-37 ,051-634-2000
일반음식점,갈비새김,부산광역시 동구 범일로89번길 40 (범일동),부산광역시 동구 범일동 916-3 ,051-647-8797
일반음식점,타임,부산광역시 동구 고관로 133 (수정동),부산광역시 동구 수정동 231-7 ,051-467-8885
일반음식점,구이전문집,부산광역시 동구 진성로9번길 36 (수정동),부산광역시 동구 수정동 189-11 ,051-465-2116
일반음식점,락천각,부산광역시 동구 대영로243번길 17-1 (초량동),부산광역시 동구 초량동 605-1 ,051-465-2885
일반음식점,고궁삼계탕,부산광역시 동구 중앙대로180번길 12-10 (초량동),부산광역시 동구 초량동 1212-3 ,051-463-6360
일반음식점,부산역 보울스 포케샐러드,부산광역시 동구 중앙대로221번길 7 (초량동),부산광역시 동구 초량동 380-5 ,051-468-9923
일반음식점,오니기리와이규동,부산광역시 동구 대영로243번길 109 (초량동),부산광역시 동구 초량동 478-2 ,051-467-4905
일반음식점,다원식당,부산광역시 동구 중앙대로214번길 7-11 (초량동),부산광역시 동구 초량동 1200-1 ,051-465-2824
일반음식점,서울삼계탕,부산광역시 동구 구봉로 6 (초량동),부산광역시 동구 초량동 668-13 ,051-467-2712
일반음식점,산곰장어와 바다장어,부산광역시 동구 초량로13번길 31 (초량동),부산광역시 동구 초량동 322-3 ,051-468-5560
일반음식점,찐불이찐숯불두마리치킨 부산역점,부산광역시 동구 중앙대로196번길 6-7 (초량동),부산광역시 동구 초량동 1204-7 ,051-464-4727
일반음식점,백제삼계탕,부산광역시 동구 범일로89번길 4 (범일동),부산광역시 동구 범일동 934-3 ,051-646-5692
일반음식점,청도식당,부산광역시 동구 중앙대로361번길 24-4 (수정동),부산광역시 동구 수정동 187-1 ,051-441-6277
일반음식점,鮮(せん)센,"부산광역시 동구 진성로9번길 24, 1층 (수정동)",부산광역시 동구 수정동 189-4 ,051-468-6174
일반음식점,도원가든,부산광역시 동구 고관로13번길 23 (초량동),부산광역시 동구 초량동 65-4 ,
일반음식점,조선돼지국밥,부산광역시 동구 중앙대로214번길 7-11 (초량동),부산광역시 동구 초량동 1200-1 ,051-469-8930
일반음식점,초량밀면,부산광역시 동구 중앙대로 225 (초량동),부산광역시 동구 초량동 363-2 ,051-462-1575
일반음식점,노홍만두,부산광역시 동구 진시장로 19-7 (범일동),부산광역시 동구 범일동 652-6 ,051-646-4756
일반음식점,대가,부산광역시 동구 중앙대로180번길 6-9 (초량동),부산광역시 동구 초량동 1212-4 ,051-465-0081
일반음식점,소임이네,"부산광역시 동구 진시장로20번길 28, 1층 (범일동)",부산광역시 동구 범일동 277-9 ,051-647-7774
일반음식점,고반식당 부산범일점,부산광역시 동구 범일로90번길 14-1 (범일동),부산광역시 동구 범일동 572-4 ,051-634-1827
일반음식점,진주식당,부산광역시 동구 범일로65번길 9-4 (범일동),부산광역시 동구 범일동 304-3 ,051-632-4624
일반음식점,아리산,부산광역시 동구 초량중로 121 (초량동),부산광역시 동구 초량동 90-2 ,051-468-9595
일반음식점,소림각,부산광역시 동구 범상로 33-1 (범일동),부산광역시 동구 범일동 1508-14 ,051-632-5759
일반음식점,야키토리보름,부산광역시 동구 조방로49번길 23-11 (범일동),부산광역시 동구 범일동 830-278 ,051-638-2992
일반음식점,장가계,"부산광역시 동구 초량중로 73-1 (초량동,9)",부산광역시 동구 초량동 294-3 9 ,051-469-0203
일반음식점,맥시칸치킨,부산광역시 동구 성북로 59-1 (범일동),부산광역시 동구 범일동 1430-38 ,051-647-9559
일반음식점,노스딸기야,"부산광역시 동구 중앙대로195번길 6 (초량동,,28,  30)","부산광역시 동구 초량동 1208-27 ,28,  30 ",051-464-0111
일반음식점,김명자굴국밥,부산광역시 동구 조방로 35 (범일동),부산광역시 동구 범일동 830-53 ,051-633-5996
일반음식점,청도식당,"부산광역시 동구 초량중로 106 (초량동,65-13)",부산광역시 동구 초량동 65-12 65-13 ,051-466-5426
일반음식점,눈꽃을 나누다,부산광역시 동구 범일로90번길 10-1 (범일동),부산광역시 동구 범일동 574-6 ,051-634-2229
일반음식점,서울곰탕,부산광역시 동구 고관로 70 (초량동),부산광역시 동구 초량동 1143-15 ,051-466-9779
일반음식점,두고갈명가,"부산광역시 동구 중앙대로320번길 3-4 (초량동,17)",부산광역시 동구 초량동 1153-10 17 ,051-441-2233
일반음식점,이낙에산다 부산역직영점,부산광역시 동구 중앙대로180번길 6-13 (초량동),부산광역시 동구 초량동 1212-8 ,
일반음식점,골목게장본점,부산광역시 동구 중앙대로226번길 3-6 (초량동),부산광역시 동구 초량동 1197-8 ,051-466-6229
일반음식점,푸드 메이커,부산광역시 동구 초량로13번길 68 (초량동),부산광역시 동구 초량동 460-5 ,051-442-3363
일반음식점,용궁횟집,부산광역시 동구 초량중로 78 (초량동),부산광역시 동구 초량동 236-1 ,051-465-2000
일반음식점,둘래아구찜,"부산광역시 동구 중앙대로221번가길 13 (초량동,3/1)",부산광역시 동구 초량동 367-0 3/1 ,051-441-0215
일반음식점,소림반점,부산광역시 동구 수정중로 32 (수정동),부산광역시 동구 수정동 554-5 ,051-469-3217
일반음식점,복희칼국수,부산광역시 동구 수정로 21-1 (수정동),부산광역시 동구 수정동 844-40 ,
일반음식점,가정백반,부산광역시 동구 수정로 10-6 (수정동),부산광역시 동구 수정동 135-7 ,051-466-4262
일반음식점,디케이 치킨,부산광역시 동구 진성로9번길 13 (수정동),부산광역시 동구 수정동 210-11 ,051-465-8205
일반음식점,고관해물탕,부산광역시 동구 중앙대로349번길 38 (수정동),부산광역시 동구 수정동 96-7 ,051-463-7585
일반음식점,덕미구이,부산광역시 동구 중앙대로221번길 32 (초량동),부산광역시 동구 초량동 415-18 ,051-442-2826
일반음식점,별미청돼지국밥,부산광역시 동구 중앙대로226번길 3-2 (초량동),부산광역시 동구 초량동 1197-6 ,051-465-7188
일반음식점,골목 갈비집,부산광역시 동구 중앙대로221번길 30 (초량동),부산광역시 동구 초량동 411-12 ,051-463-7538
일반음식점,본전식당,부산광역시 동구 중앙대로214번길 3-8 (초량동),부산광역시 동구 초량동 1200-6 ,051-464-1043
일반음식점,오뎅나와,부산광역시 동구 조방로49번길 12-1 (범일동),부산광역시 동구 범일동 833-16 ,051-466-4866
일반음식점,강애수장어구이,부산광역시 동구 부산진성공원로3번길 11 (범일동),부산광역시 동구 범일동 624-1 ,051-633-4666
일반음식점,태화식당,"부산광역시 동구 조방로49번길 11 (범일동,830-45)",부산광역시 동구 범일동 830-44 830-45 ,051-642-5775
일반음식점,나이스,부산광역시 동구 조방로49번길 18-1 (범일동),부산광역시 동구 범일동 833-5 ,051-647-1239
일반음식점,감포참가자미,부산광역시 동구 범일로102번길 16-20 (범일동),부산광역시 동구 범일동 830-282 ,051-643-3187
일반음식점,흥부와 어우동,부산광역시 동구 중앙대로180번길 12-2 (초량동),부산광역시 동구 초량동 1212-21 ,051-467-0037
일반음식점,부산진곰장어,부산광역시 동구 진성로9번길 13 (수정동),부산광역시 동구 수정동 210-11 ,051-463-9123
일반음식점,혜정원,부산광역시 동구 중앙대로180번길 12-6 (초량동),부산광역시 동구 초량동 1212-23 ,051-465-1039
일반음식점,언양한우소머리곰탕 본점,부산광역시 동구 고관로 110-8 (수정동),부산광역시 동구 수정동 181-1 ,051-466-3742
일반음식점,왔다칼국수,"부산광역시 동구 초량상로 125, 1층 (초량동)",부산광역시 동구 초량동 92-24 ,
일반음식점,부산어묵,부산광역시 동구 중앙대로 209 (초량동),부산광역시 동구 초량동 1207-7 ,
일반음식점,천초식당,"부산광역시 동구 중앙대로195번길 6 (초량동,,28,30)","부산광역시 동구 초량동 1208-27 ,28,30 ",051-468-7686
일반음식점,밀양순대돼지국밥,부산광역시 동구 중앙대로332번길 7 (초량동),부산광역시 동구 초량동 1151-8 ,051-441-8533
일반음식점,게딱지 중부산점,부산광역시 동구 중앙대로320번길 7-9 (초량동),부산광역시 동구 초량동 1153-16 ,051-462-7713
일반음식점,콩나물비빔밥집,부산광역시 동구 중앙대로361번길 24-6 (수정동),부산광역시 동구 수정동 188-1 ,051-464-2386
일반음식점,까투리,부산광역시 동구 진성로9번길 9 (수정동),부산광역시 동구 수정동 210-20 ,
일반음식점,정일품축산,부산광역시 동구 진성로 18 (수정동),부산광역시 동구 수정동 231-10 ,051-442-0978
일반음식점,대구식당,"부산광역시 동구 성남로 51-1, 1층 (좌천동)",부산광역시 동구 좌천동 68-666 ,051-631-6337
일반음식점,장수밀면,부산광역시 동구 진성로28번길 27 (좌천동),부산광역시 동구 좌천동 689-84 ,051-642-7903
일반음식점,700비어 부산진역점,부산광역시 동구 진성로9번길 4 (수정동),부산광역시 동구 수정동 210-14 ,051-468-7997
일반음식점,까치 분식,"부산광역시 동구 수정동로 4 (수정동,811-6,  1126-18)","부산광역시 동구 수정동 812-4 811-6,  1126-18 ",051-441-6247
일반음식점,마산아구찜,부산광역시 동구 범일로89번길 10 (범일동),부산광역시 동구 범일동 935-1 ,051-646-7449
일반음식점,초량해 칼국수 부산역점,부산광역시 동구 중앙대로231번길 15 (초량동),부산광역시 동구 초량동 337-2 ,051-714-3394
일반음식점,사해방,부산광역시 동구 중앙대로195번길 14 (초량동),부산광역시 동구 초량동 553-3 ,051-463-9883
일반음식점,청도식당,"부산광역시 동구 자성로140번길 38, 1층 (범일동)",부산광역시 동구 범일동 825-15 ,051-642-0207
일반음식점,밀양가산돼지국밥,부산광역시 동구 자성로133번길 45 (범일동),부산광역시 동구 범일동 830-173 ,051-632-0409
일반음식점,범일끝판왕,부산광역시 동구 범일일길 14-1 (범일동),부산광역시 동구 범일동 658-45 ,051-642-6436
일반음식점,김밥이맛이야,부산광역시 동구 범상로 2 (범일동),부산광역시 동구 범일동 1437-3 ,051-642-9970
일반음식점,댄싱컵 범천점,부산광역시 동구 망양로 966 (범일동),부산광역시 동구 범일동 1306-8 ,051-631-7251
일반음식점,초량낙지볶음,부산광역시 동구 중앙대로236번길 7-6 (초량동),부산광역시 동구 초량동 1195-6 ,
일반음식점,따따부따,부산광역시 동구 범상로 2 (범일동),부산광역시 동구 범일동 1437-3 ,051-635-1886
일반음식점,이화참치,"부산광역시 동구 조방로49번길 13 (범일동,830-47,48)","부산광역시 동구 범일동 830-46 830-47,48 ",051-634-1778
일반음식점,생대복,부산광역시 동구 좌천남로 23-1 (좌천동),부산광역시 동구 좌천동 683-13 ,
일반음식점,리빗,부산광역시 동구 범일로89번길 61-4 (범일동),부산광역시 동구 범일동 668-21 ,051-913-9463
일반음식점,제임스통닭,부산광역시 동구 수정공원남로 32 (수정동),부산광역시 동구 수정동 1181-5 ,051-468-3848
일반음식점,신복성반점,부산광역시 동구 망양로 483 (초량동),부산광역시 동구 초량동 865-31 ,051-468-0517
일반음식점,진역 밀면,부산광역시 동구 진성로9번길 12 (수정동),부산광역시 동구 수정동 210-5 ,051-468-1313
일반음식점,초량 불닭발,부산광역시 동구 초량상로157번길 36 (수정동),부산광역시 동구 수정동 1006-10 ,051-465-8836
일반음식점,신희식당,부산광역시 동구 중앙대로180번길 6-11 (초량동),부산광역시 동구 초량동 1212-5 ,051-441-0254
일반음식점,만리장성반점,부산광역시 동구 증산로 153 (범일동),부산광역시 동구 범일동 1338-28 ,051-633-7609
일반음식점,경주국밥,부산광역시 동구 초량로13번길 69 (초량동),부산광역시 동구 초량동 465-14 ,051-465-0468
일반음식점,부산횟집,부산광역시 동구 진시장로 13 (범일동),부산광역시 동구 범일동 644-10 ,051-643-4744
일반음식점,건강보리밥,부산광역시 동구 범일로89번길 42 (범일동),부산광역시 동구 범일동 915-16 ,
일반음식점,바우네 나주곰탕,부산광역시 동구 구봉로 3 (초량동),부산광역시 동구 초량동 806-157 ,051-468-6965
일반음식점,삼일,부산광역시 동구 범일로89번길 12 (범일동),부산광역시 동구 범일동 933-9 ,051-632-7167
일반음식점,동촌황정순수육전골,부산광역시 동구 조방로 39-12 (범일동),부산광역시 동구 범일동 830-274 ,051-633-4566
일반음식점,영지 다슬기 들깨탕,"부산광역시 동구 수정중로38번길 18-3 (수정동,(1층))",부산광역시 동구 수정동 467-11 (1층) ,051-637-0123
일반음식점,남원 추어탕,부산광역시 동구 진시장로 13 (범일동),부산광역시 동구 범일동 644-10 ,051-633-2333
일반음식점,수정동시장횟집,부산광역시 동구 진성로9번길 42 (수정동),부산광역시 동구 수정동 184-2 ,051-468-1765
일반음식점,삼겹잔치(범일점),"부산광역시 동구 범상로 3 (범일동,8)",부산광역시 동구 범일동 1437-24 8 ,051-647-8934
일반음식점,어가 해물촌,부산광역시 동구 조방로49번길 26 (범일동),부산광역시 동구 범일동 830-33 ,051-633-2372
일반음식점,똘이네식당,부산광역시 동구 중앙대로221번길 31 (초량동),부산광역시 동구 초량동 415-11 ,051-469-1032
일반음식점,생고집,부산광역시 동구 조방로49번길 14-1 (범일동),부산광역시 동구 범일동 833-18 ,051-643-6619
일반음식점,남스시,부산광역시 동구 중앙대로226번길 3-7 (초량동),부산광역시 동구 초량동 1198-6 ,051-466-9767
일반음식점,배꼽빵빵 수제돈까스,부산광역시 동구 진성로 10-5 (수정동),부산광역시 동구 수정동 225-1 ,051-467-7303
일반음식점,은혜식당,부산광역시 동구 초량중로80번길 3 (초량동),부산광역시 동구 초량동 197-30 ,051-466-1016
일반음식점,남양불백,부산광역시 동구 고관로 120 (수정동),부산광역시 동구 수정동 253-1 ,051-462-3363
일반음식점,88돼지집,,부산광역시 동구 수정동 172-0 ,051-467-8047
일반음식점,혜림씨,부산광역시 동구 진성로9번길 16 (수정동),부산광역시 동구 수정동 210-6 ,051-466-0702
일반음식점,범일빈대떡,부산광역시 동구 중앙대로 519 (범일동),부산광역시 동구 범일동 85-2 ,051-646-0081
일반음식점,멕켄치킨,부산광역시 동구 조방로49번길 18-1 (범일동),부산광역시 동구 범일동 833-5 ,051-635-0822
일반음식점,청림식당,부산광역시 동구 진시장로 13 (범일동),부산광역시 동구 범일동 644-10 ,051-645-7538
일반음식점,거창식당,부산광역시 동구 진성로9번길 52 (수정동),부산광역시 동구 수정동 172-3 ,051-467-5483
일반음식점,도떼기횟집,부산광역시 동구 진성로3번길 8 (수정동),부산광역시 동구 수정동 1-68 ,051-468-5959
일반음식점,북경반점,부산광역시 동구 진시장로 13 (범일동),부산광역시 동구 범일동 644-10 ,051-631-7797
일반음식점,조방낙지,부산광역시 동구 중앙대로260번길 3-11 (초량동),부산광역시 동구 초량동 1169-4 ,051-465-3577
일반음식점,수안밥상,부산광역시 동구 진시장로 13 (범일동),부산광역시 동구 범일동 644-10 ,051-647-0501
일반음식점,이백현 옛날 돈까스,부산광역시 동구 중앙대로286번길 3-1 (초량동),부산광역시 동구 초량동 1163-9 ,051-467-4223
일반음식점,동구밀면,부산광역시 동구 수정동로 28 (수정동),부산광역시 동구 수정동 546-1 ,051-468-8511
일반음식점,의정부 식당,부산광역시 동구 조방로49번길 11 (범일동),부산광역시 동구 범일동 830-44 ,051-635-2108
일반음식점,수미식당,부산광역시 동구 고관로 109-9 (수정동),부산광역시 동구 수정동 285-10 ,051-467-9509
일반음식점,추미정,"부산광역시 동구 고관로33번길 3 (초량동,7)",부산광역시 동구 초량동 42-3 7 ,051-442-6955
일반음식점,하반장 짬뽕전문점,부산광역시 동구 초량로13번길 70 (초량동),부산광역시 동구 초량동 460-6 ,051-465-5544
일반음식점,고방,부산광역시 동구 중앙대로195번가길 53 (초량동),부산광역시 동구 초량동 423-26 ,051-463-8941
일반음식점,왕대포실비식당,부산광역시 동구 진시장로 21-4 (범일동),부산광역시 동구 범일동 640-15 ,051-642-5369
일반음식점,좋은하루,부산광역시 동구 초량로 5 (초량동),부산광역시 동구 초량동 207-9 ,051-465-9040
일반음식점,요달의찜닭 동구점,부산광역시 동구 초량상로157번길 40-1 (수정동),부산광역시 동구 수정동 337 ,051-464-5015
일반음식점,태영기사식당,부산광역시 동구 증산로 1 (수정동),부산광역시 동구 수정동 428-36 ,051-644-4252
일반음식점,원앙분식,,부산광역시 동구 수정동 214-4 ,051-462-8069
일반음식점,아리,부산광역시 동구 중앙대로229번길 19 (초량동),부산광역시 동구 초량동 366-0 ,051-463-0784
일반음식점,골목파전,부산광역시 동구 조방로49번길 23-6 (범일동),부산광역시 동구 범일동 830-265 ,
일반음식점,수정동쭈꾸미,,"부산광역시 동구 수정동 152-4 ,-5,  138, 1074-23 ",051-442-3892
일반음식점,2대째설렁탕,부산광역시 동구 진성로9번길 14 (수정동),부산광역시 동구 수정동 210-6 ,051-441-1050
일반음식점,슬빙가분식,부산광역시 동구 중앙대로286번길 3 (초량동),부산광역시 동구 초량동 1163-13 ,051-466-8387
일반음식점,수복식당,부산광역시 동구 성남로 49 (좌천동),부산광역시 동구 좌천동 68-676 ,051-632-3177
일반음식점,이삭초량점,부산광역시 동구 초량로 19-2 (초량동),부산광역시 동구 초량동 197-18 ,051-468-3956
일반음식점,사리원,부산광역시 동구 중앙대로371번길 8 (수정동),부산광역시 동구 수정동 1-117 ,051-465-0087
일반음식점,수정사천수육,"부산광역시 동구 진성로9번길 60 (수정동,153)",부산광역시 동구 수정동 154-2 153 ,051-464-4941
일반음식점,이어도식당,부산광역시 동구 중앙대로236번길 10 (초량동),부산광역시 동구 초량동 1196-2 ,051-465-9959
일반음식점,장수식당,부산광역시 동구 중앙대로260번길 3-9 (초량동),부산광역시 동구 초량동 1169-5 ,
일반음식점,발통없는 포장마차,부산광역시 동구 고관로 111 (수정동),부산광역시 동구 수정동 273-0 ,051-462-9259
일반음식점,금로우렁쌈밥정식,부산광역시 동구 초량북로 46-3 (초량동),부산광역시 동구 초량동 768-1 ,051-441-1476
일반음식점,대호식당,부산광역시 동구 중앙대로251번길 48-4 (초량동),부산광역시 동구 초량동 133-4 ,051-466-7630
일반음식점,우리컨벤션웨딩홀&뷔페,"부산광역시 동구 중앙대로361번길 14 (수정동,한성생명빌딩 20층)",부산광역시 동구 수정동 3 한성생명빌딩 20층 ,051-636-7769
일반음식점,양지탕,부산광역시 동구 중앙대로349번길 42 (수정동),부산광역시 동구 수정동 96-5 ,051-465-4650
일반음식점,장수 쭈꾸미,부산광역시 동구 정공단로 41 (범일동),부산광역시 동구 범일동 170-4 ,051-635-5767
일반음식점,쫌하는 친구들,부산광역시 동구 중앙대로361번길 24-4 (수정동),부산광역시 동구 수정동 187-1 ,051-462-0608
일반음식점,천일횟집,"부산광역시 동구 진성로9번길 34-1 (수정동,,186-3)","부산광역시 동구 수정동 189-10 ,186-3 ",051-467-2229
일반음식점,통영장어숯불구이,부산광역시 동구 고관로 119-1 (수정동),"부산광역시 동구 수정동 242-3 243-5, 243-7 ",
일반음식점,복칼국수,"부산광역시 동구 고관로 67-2 (수정동,337-9)",부산광역시 동구 수정동 336-5 337-9 ,051-441-3002
일반음식점,부산족발,부산광역시 동구 진성로 6-1 (수정동),"부산광역시 동구 수정동 1-56 , 1-58, 1-107, 1074- ",
일반음식점,참진미아구찜,부산광역시 동구 범일로89번길 7-3 (범일동),부산광역시 동구 범일동 653-18 ,051-631-8996
일반음식점,정원,"부산광역시 동구 조방로49번길 13, 1층 (범일동, 제일상가아파트)",부산광역시 동구 범일동 830-46 집합 B동 17421호 ,051-711-5589
일반음식점,김밥마당,부산광역시 동구 고관로 95-1 (수정동),부산광역시 동구 수정동 312-7 ,051-442-6620
일반음식점,홍보성,부산광역시 동구 고관로 164 (좌천동),부산광역시 동구 좌천동 668-2 ,051-632-9973
일반음식점,괴정집,부산광역시 동구 초량중로 85 (초량동),부산광역시 동구 초량동 268-2 ,051-467-4500
일반음식점,다올복집,부산광역시 동구 중앙대로389번길 17 (수정동),부산광역시 동구 수정동 227-75 ,051-466-1791
일반음식점,본죽부산진역점,부산광역시 동구 좌천남로 25 (좌천동),부산광역시 동구 좌천동 683-20 ,051-644-9144
일반음식점,예슬집,부산광역시 동구 초량상로 93 (초량동),부산광역시 동구 초량동 280-3 ,051-469-2030
일반음식점,풍전칼국수,부산광역시 동구 중앙대로371번길 23-4 (수정동),부산광역시 동구 수정동 192-4 ,051-462-7617
일반음식점,동림식당,부산광역시 동구 중앙대로231번길 30 (초량동),부산광역시 동구 초량동 229-1 ,051-468-2115
일반음식점,낭만 물고기,부산광역시 동구 범일로90번길 8 (범일동),부산광역시 동구 범일동 570-12 ,051-637-7771
일반음식점,오가네칼국수,"부산광역시 동구 고관로 159, 1층 (좌천동)",부산광역시 동구 좌천동 681-33 ,051-646-3491
일반음식점,고기포차,부산광역시 동구 망양로 862 (좌천동),부산광역시 동구 좌천동 910-1 ,051-636-9717
일반음식점,아궁이구들장,"부산광역시 동구 중앙대로251번길 24 (초량동,47-9,13, 149-1)","부산광역시 동구 초량동 49-7 47-9,13, 149-1 ",051-467-7455
일반음식점,둥지식당,부산광역시 동구 조방로 48 (범일동),부산광역시 동구 범일동 830-24 ,051-635-7560
일반음식점,소담비어,부산광역시 동구 진성로9번길 9 (수정동),부산광역시 동구 수정동 210-20 ,
일반음식점,공간(空間)(KUKAN),부산광역시 동구 중앙대로251번길 8-3 (초량동),부산광역시 동구 초량동 170-7 ,
일반음식점,남문각,부산광역시 동구 범일로65번길 7 (범일동),부산광역시 동구 범일동 309-7 ,051-646-3292
일반음식점,초량양곱창,부산광역시 동구 초량상로 102 (초량동),부산광역시 동구 초량동 132-1 ,051-463-2329
일반음식점,우리분식,부산광역시 동구 고관로 159-1 (좌천동),부산광역시 동구 좌천동 681-32 ,051-647-3749
일반음식점,조방족발,"부산광역시 동구 조방로49번길 11 (범일동,,45)","부산광역시 동구 범일동 830-44 ,45 ",051-634-5786
일반음식점,Smoky Grill,"부산광역시 동구 중앙대로195번길 6 (초량동,28)",부산광역시 동구 초량동 1208-27 28 ,051-468-1682
일반음식점,한성생고기,부산광역시 동구 범일로90번길 16-7 (범일동),부산광역시 동구 범일동 579-4 ,051-636-2939
일반음식점,만리전통보리밥,부산광역시 동구 초량상로 86 (초량동),부산광역시 동구 초량동 287-1 ,051-468-1457
일반음식점,본죽&비빔밥 부산역점,부산광역시 동구 중앙대로 207-1 (초량동),부산광역시 동구 초량동 1207-12 ,051-464-5512
일반음식점,싱싱갈비,부산광역시 동구 초량로 17-6 (초량동),부산광역시 동구 초량동 197-26 ,051-467-4823
일반음식점,동천식당,부산광역시 동구 초량로 78 (초량동),부산광역시 동구 초량동 825-25 ,051-464-0992
일반음식점,고반식당 부산초량점,부산광역시 동구 초량중로 101 (초량동),부산광역시 동구 초량동 110-32 ,051-465-2232
일반음식점,연화추어탕,"부산광역시 동구 중앙대로251번길 13 (초량동,, 169-2)","부산광역시 동구 초량동 168-3 , 169-2 ",051-466-8938
일반음식점,청해아구찜,부산광역시 동구 망양로 960 (범일동),부산광역시 동구 범일동 1306-16 ,
일반음식점,유림정,부산광역시 동구 중앙대로196번길 12-10 (초량동),부산광역시 동구 초량동 1204-15 ,051-469-1179
일반음식점,대성분식,부산광역시 동구 범곡로 4 (범일동),부산광역시 동구 범일동 100-9 ,
일반음식점,청도식당,,부산광역시 동구 범일동 551-10 ,051-643-9043
일반음식점,드림하버,부산광역시 동구 초량상로 88-1 (초량동),부산광역시 동구 초량동 283-11 ,051-466-9386
일반음식점,부성식당,부산광역시 동구 부산진성공원로 17-2 (범일동),부산광역시 동구 범일동 583-2 ,051-631-3877
일반음식점,브에르세바,부산광역시 동구 고관로13번길 7 (초량동),부산광역시 동구 초량동 57-2 ,051-466-1215
일반음식점,남자마늘보쌈 수정점,부산광역시 동구 중앙대로371번길 12 (수정동),부산광역시 동구 수정동 1-131 ,051-441-6756
일반음식점,다다우동,부산광역시 동구 부산진성공원로3번길 15 (범일동),부산광역시 동구 범일동 622-2 ,051-645-1300
일반음식점,남해횟집,부산광역시 동구 성북로 39-1 (좌천동),부산광역시 동구 좌천동 902-7 ,051-631-3524
일반음식점,유명한물레복국,부산광역시 동구 진시장로 12 (범일동),부산광역시 동구 범일동 238-8 ,051-632-1385
일반음식점,수제왕돈까스,부산광역시 동구 자성로133번길 45-1 (범일동),부산광역시 동구 범일동 830-170 ,
일반음식점,도네누,부산광역시 동구 중앙대로221번길 26 (초량동),부산광역시 동구 초량동 411-9 ,051-466-9285
일반음식점,삼겹이네,부산광역시 동구 진성로 14 (수정동),부산광역시 동구 수정동 221-3 ,051-466-0670
일반음식점,아림숯불갈비,부산광역시 동구 범상로1번길 7 (범일동),부산광역시 동구 범일동 1436-5 ,051-646-5420
일반음식점,푸드카페 김밥천국,"부산광역시 동구 진성로9번길 22 (수정동,,4,13,14,16, 195-3)","부산광역시 동구 수정동 189-3 ,4,13,14,16, 195-3 ",051-466-3453
일반음식점,옛날전통칼국수,부산광역시 동구 범일로65번길 9-3 (범일동),부산광역시 동구 범일동 307-3 ,051-631-4443
일반음식점,장춘방,부산광역시 동구 대영로243번길 30 (초량동),부산광역시 동구 초량동 613 ,051-467-5820
일반음식점,하루방꼬지체인,부산광역시 동구 망양로 895 (범일동),부산광역시 동구 범일동 1443-4 ,051-642-9970
일반음식점,역전 할머니 맥주,부산광역시 동구 중앙대로371번길 6 (수정동),부산광역시 동구 수정동 1-116 ,051-467-5545
일반음식점,남해태양횟집,부산광역시 동구 중앙대로231번길 23 (초량동),부산광역시 동구 초량동 214-0 ,051-441-5119
일반음식점,시먼띵,"부산광역시 동구 대영로243번길 43 (초량동,577-2, 577-4)","부산광역시 동구 초량동 577-1 577-2, 577-4 ",051-465-8202
일반음식점,솔잎국수,"부산광역시 동구 고관로 136 (수정동,8,223,227-69)","부산광역시 동구 수정동 221-7 8,223,227-69 ",051-636-8042
일반음식점,울타리식당,"부산광역시 동구 중앙대로 514 (범일동,한성기린 114호)",부산광역시 동구 범일동 62-720 한성기린 114호 ,051-631-0014
일반음식점,범일물갈비,부산광역시 동구 범일로102번길 16-10 (범일동),부산광역시 동구 범일동 830-260 ,
일반음식점,초원양곱창,"부산광역시 동구 범일로90번길 4 (범일동,,831)","부산광역시 동구 범일동 631-4 ,831 ",051-633-6167
일반음식점,원드풀 소주방,부산광역시 동구 조방로49번길 24 (범일동),부산광역시 동구 범일동 830-32 ,051-635-2643
일반음식점,하동식당,부산광역시 동구 초량로 107 (초량동),부산광역시 동구 초량동 832-33 ,051-465-2990
일반음식점,제주본가초량점,부산광역시 동구 중앙대로 243-8 (초량동),부산광역시 동구 초량동 172-24 ,051-464-6004
일반음식점,영빈관,부산광역시 동구 망양로793번길 8 (수정동),부산광역시 동구 수정동 580-28 ,051-464-5860
일반음식점,떡불킹 부산역점,부산광역시 동구 중앙대로221번길 13 (초량동),부산광역시 동구 초량동 392-3 394-3 ,051-469-0449
일반음식점,동해낙지,부산광역시 동구 중앙대로221번길 43 (초량동),부산광역시 동구 초량동 423-2 ,051-466-9956
일반음식점,남산동 구포촌국수 부산역,"부산광역시 동구 중앙대로203번길 16 (초량동,13)",부산광역시 동구 초량동 465-10 13 ,
일반음식점,막창마을식당,부산광역시 동구 고관로 101 (수정동),부산광역시 동구 수정동 301-4 ,051-466-7955
일반음식점,부산진밀면,부산광역시 동구 중앙대로371번길 8 (수정동),부산광역시 동구 수정동 1-117 ,051-441-5953
일반음식점,불끈낙지 부산역점,부산광역시 동구 중앙대로 203 (초량동),부산광역시 동구 초량동 1207-21 ,051-469-0410
일반음식점,초량돼지국밥,부산광역시 동구 중앙대로214번길 3-12 (초량동),부산광역시 동구 초량동 1200-2 ,051-469-6611
일반음식점,탑건(진역점),부산광역시 동구 중앙대로371번길 9 (수정동),부산광역시 동구 수정동 3-3 ,051-468-0606
일반음식점,우지커피 부산역점,부산광역시 동구 중앙대로 203 (초량동),부산광역시 동구 초량동 1207-21 1층 ,
일반음식점,뉴리틀인디아(부산역점),부산광역시 동구 중앙대로 205 (초량동),부산광역시 동구 초량동 1207-15 ,051-465-7787
일반음식점,미미솔,부산광역시 동구 조방로38번길 9 (범일동),부산광역시 동구 범일동 830-155 ,051-637-5292
일반음식점,다도해 아구찜,부산광역시 동구 고관로 140-20 (수정동),부산광역시 동구 수정동 227-51 ,051-467-6968
일반음식점,영남추어탕,부산광역시 동구 중앙대로221번길 11 (초량동),부산광역시 동구 초량동 392-2 ,
일반음식점,진예각왕만두,부산광역시 동구 대영로239번길 31 (초량동),부산광역시 동구 초량동 595-2 ,051-467-9931
일반음식점,금채 복이네 산꼼장어,"부산광역시 동구 초량로 25 (초량동,,275-2, 276-4)","부산광역시 동구 초량동 275 ,275-2, 276-4 ",051-441-6086
일반음식점,보스턴,부산광역시 동구 중앙대로209번길 7 (초량동),부산광역시 동구 초량동 491-3 ,051-464-6638
일반음식점,멤버,부산광역시 동구 초량상로 115-1 (초량동),부산광역시 동구 초량동 113-13 ,051-463-1275
일반음식점,숯불에 닭(부산초량점),부산광역시 동구 초량중로 101 (초량동),부산광역시 동구 초량동 110-32 ,
일반음식점,북경만두,부산광역시 동구 초량상로 81 (초량동),부산광역시 동구 초량동 287-23 ,051-464-5556
일반음식점,우리돼지국밥,"부산광역시 동구 초량로 27-1 (초량동,,281-25)","부산광역시 동구 초량동 277-2 ,281-25 ",051-687-5623
일반음식점,오페라하우스,부산광역시 동구 중앙대로195번가길 26 (초량동),부산광역시 동구 초량동 448-1 ,051-467-1457
일반음식점,한양족발,부산광역시 동구 중앙대로533번길 14 (범일동),부산광역시 동구 범일동 29-3 ,051-635-3534
일반음식점,아지모리,부산광역시 동구 초량로16번길 4 (초량동),부산광역시 동구 초량동 196-11 ,
일반음식점,주렁박,부산광역시 동구 초량중로34번길 18 (초량동),부산광역시 동구 초량동 582-1 ,
일반음식점,선화당,부산광역시 동구 초량로 63 (초량동),부산광역시 동구 초량동 818-7 ,051-468-5217
일반음식점,꼬꼬아찌치킨,부산광역시 동구 망양로 629-1 (수정동),부산광역시 동구 수정동 1189-8 ,051-441-9877
일반음식점,비어박스,부산광역시 동구 초량로 44 (초량동),부산광역시 동구 초량동 806-171 ,051-469-1353
일반음식점,등나무아구찜,부산광역시 동구 수정중로 16-6 (수정동),부산광역시 동구 수정동 800-6 ,051-468-0533
일반음식점,성태(成泰),부산광역시 동구 초량상로 82 (초량동),부산광역시 동구 초량동 296-26 ,051-463-9997
일반음식점,진심을 담다,부산광역시 동구 중앙대로349번길 46 (수정동),부산광역시 동구 수정동 96-4 ,
일반음식점,대박통술집,부산광역시 동구 고관로 35 (수정동),부산광역시 동구 수정동 397-27 ,051-464-8151
일반음식점,용공장,부산광역시 동구 진성로9번길 21 (수정동),부산광역시 동구 수정동 3-2 ,051-465-3392
일반음식점,청도갈비,부산광역시 동구 초량중로 85 (초량동),부산광역시 동구 초량동 268-2 ,051-467-8277
일반음식점,인생닭강정 부산초량점,부산광역시 동구 고관로29번길 18 (초량동),부산광역시 동구 초량동 38 ,051-463-0871
일반음식점,마봉자초량2호점,부산광역시 동구 중앙대로251번길 34-1 (초량동),부산광역시 동구 초량동 143-10 ,051-462-1232
일반음식점,명품숯불바다장어,부산광역시 동구 부산진성공원로 1-16 (범일동),부산광역시 동구 범일동 617-1 ,
일반음식점,쏘시지요 진역점,"부산광역시 동구 진성로 13 (수정동,,216, 217-3)","부산광역시 동구 수정동 215-1 ,216, 217-3 ",051-806-8000
일반음식점,홍보석(부산점),"부산광역시 동구 범일로 125 (범일동,,9층일부)","부산광역시 동구 범일동 62-5 ,9층일부 ",051-667-0892
일반음식점,낭만에 대하여,부산광역시 동구 망양로 829 (수정동),부산광역시 동구 수정동 433-3 ,051-464-2093
일반음식점,고기백화점 식육식당,부산광역시 동구 중앙대로180번길 12-3 (초량동),부산광역시 동구 초량동 1213-3 ,051-441-9291
일반음식점,포항 참가자미횟집,부산광역시 동구 중앙대로214번길 7-5 (초량동),부산광역시 동구 초량동 1200-12 ,051-463-2640
일반음식점,남원골추어탕,부산광역시 동구 중앙대로286번길 3-4 (초량동),부산광역시 동구 초량동 1162-7 ,051-463-4124
일반음식점,밀양돼지갈비,부산광역시 동구 초량로 17-5 (초량동),부산광역시 동구 초량동 197-35 ,051-466-4546
일반음식점,올드팝,부산광역시 동구 중앙대로 515-1 (범일동),부산광역시 동구 범일동 80-3 ,051-635-9676
일반음식점,참숯골 2,부산광역시 동구 조방로49번길 25 (범일동),부산광역시 동구 범일동 830-264 ,051-643-8000
일반음식점,조방떡볶이,부산광역시 동구 범일로90번길 10 (범일동),부산광역시 동구 범일동 570-11 ,051-638-1144
일반음식점,광장호텔 더스퀘어,부산광역시 동구 중앙대로214번길 7 (초량동),부산광역시 동구 초량동 1200-17 ,051-464-3575
일반음식점,장원웰빙오리,부산광역시 동구 진성로3번길 10 (수정동),부산광역시 동구 수정동 1-216 ,051-465-2662
일반음식점,키키,부산광역시 동구 대영로243번길 31 (초량동),부산광역시 동구 초량동 610-2 ,
일반음식점,더 닛코,부산광역시 동구 초량상로 91-1 (초량동),부산광역시 동구 초량동 280-2 ,051-465-3737
일반음식점,장수삼계탕,"부산광역시 동구 중앙대로361번길 24-8 (수정동,, 190-1)","부산광역시 동구 수정동 189-1 , 190-1 ",051-467-4404
일반음식점,양지아구찜,부산광역시 동구 초량중로 96 (초량동),부산광역시 동구 초량동 135-43 ,051-441-5459
일반음식점,토로,부산광역시 동구 조방로49번길 23-6 (범일동),부산광역시 동구 범일동 830-265 ,051-646-3539
일반음식점,금호,부산광역시 동구 초량중로 58-14 (초량동),부산광역시 동구 초량동 438 ,051-464-9824
일반음식점,원조부산밀면,부산광역시 동구 중앙대로231번길 7 (초량동),부산광역시 동구 초량동 349-1 ,
일반음식점,시카고,부산광역시 동구 대영로243번길 86 (초량동),부산광역시 동구 초량동 1207-18 ,051-464-0111
일반음식점,참숯골,부산광역시 동구 조방로49번길 25 (범일동),부산광역시 동구 범일동 830-264 ,051-643-8000
일반음식점,미식가의 구이,"부산광역시 동구 중앙대로231번길 16, 1층 (초량동)",부산광역시 동구 초량동 207-7 207-10 ,051-468-9599
일반음식점,생생돈까스,부산광역시 동구 범상로 8-1 (범일동),부산광역시 동구 범일동 1438-441 7통1반 ,051-647-2535
일반음식점,홍성방,부산광역시 동구 중앙대로179번길 16 (초량동),부산광역시 동구 초량동 571 ,
일반음식점,오코노미,부산광역시 동구 중앙대로251번길 34-1 (초량동),부산광역시 동구 초량동 143-10 ,051-462-0049
일반음식점,우겹다짐,부산광역시 동구 중앙대로251번길 34-1 (초량동),부산광역시 동구 초량동 143-10 ,
일반음식점,조방낙지,부산광역시 동구 조방로 21 (범일동),부산광역시 동구 범일동 830-61 ,051-637-1001
일반음식점,수정골,부산광역시 동구 수정로 19-1 (수정동),부산광역시 동구 수정동 844-48 ,051-441-1190
일반음식점,신창돼지국밥,부산광역시 동구 중앙대로214번길 3-4 (초량동),부산광역시 동구 초량동 1200-8 ,051-465-7180
일반음식점,소문난 미가네손칼국수,부산광역시 동구 구봉로 9-1 (초량동),부산광역시 동구 초량동 806-218 ,051-466-0782
일반음식점,청와대숯불갈비,"부산광역시 동구 정공단로 15-2 (좌천동,(지하1층))",부산광역시 동구 좌천동 517-1 (지하1층) ,051-643-1675
일반음식점,스완양분식,부산광역시 동구 중앙대로236번길 7-5 (초량동),부산광역시 동구 초량동 1194-9 ,051-634-2846
일반음식점,주원식당,부산광역시 동구 홍곡로 91 (수정동),부산광역시 동구 수정동 327-11 ,051-466-7735
일반음식점,송백숯불농원,부산광역시 동구 진성로28번길 9 (좌천동),부산광역시 동구 좌천동 692-22 ,051-633-3689
일반음식점,파라다이스,부산광역시 동구 중앙대로221번길 16 (초량동),부산광역시 동구 초량동 389-4 ,051-467-1958
일반음식점,충무김밥여행,부산광역시 동구 수정로 3 (수정동),부산광역시 동구 수정동 61-3 ,051-466-0102
일반음식점,동양분식,부산광역시 동구 중앙대로180번길 6 (초량동),부산광역시 동구 초량동 1212-1 ,051-466-3787
일반음식점,피자에땅 수정점,부산광역시 동구 수정로 29 (수정동),부산광역시 동구 수정동 848-12 ,051-441-7501
일반음식점,범일동에서 맥주한잔,부산광역시 동구 조방로49번길 2 (범일동),부산광역시 동구 범일동 834-12 ,
일반음식점,소나무집,,부산광역시 동구 초량동 404 ,051-441-3436
일반음식점,고메회초밥,부산광역시 동구 조방로38번길 3 (범일동),부산광역시 동구 범일동 830-168 ,051-635-0777
일반음식점,양지추어탕,부산광역시 동구 중앙대로371번길 70-4 (수정동),부산광역시 동구 수정동 550-10 ,051-467-3924
일반음식점,장터돼지국밥,부산광역시 동구 범곡북로 11 (범일동),부산광역시 동구 범일동 1307-9 ,051-636-2658
일반음식점,대지집숯불갈비,부산광역시 동구 범일로89번길 20 (범일동),부산광역시 동구 범일동 932-7 ,051-633-7799
일반음식점,다홍,부산광역시 동구 망양로 860-1 (좌천동),부산광역시 동구 좌천동 910-4 ,051-633-8884
일반음식점,테드,부산광역시 동구 중앙대로221번길 3 (초량동),부산광역시 동구 초량동 377-7 ,051-442-2284
일반음식점,범일 식당,부산광역시 동구 중앙대로533번길 14 (범일동),부산광역시 동구 범일동 29-3 ,051-646-1545
일반음식점,신풍갈비,부산광역시 동구 초량로 17-10 (초량동),부산광역시 동구 초량동 197-45 ,051-465-7892
일반음식점,밤이면 밤마다,부산광역시 동구 범일로90번길 10 (범일동),부산광역시 동구 범일동 570-11 ,
일반음식점,511더치커피,부산광역시 동구 고관로 135 (수정동),부산광역시 동구 수정동 231-23 ,051-468-9639
일반음식점,금수레민속주점,부산광역시 동구 중앙대로 521 (범일동),부산광역시 동구 범일동 73-2 ,051-645-3359
일반음식점,석화,"부산광역시 동구 조방로 21 (범일동,5층)",부산광역시 동구 범일동 830-61 5층 ,051-632-5004
일반음식점,미조대구뽈찜,부산광역시 동구 진성로28번길 27-1 (좌천동),부산광역시 동구 좌천동 689-74 ,051-611-3237
일반음식점,합천횟집,부산광역시 동구 망양로 922 (범일동),부산광역시 동구 범일동 1424-9 ,051-635-5701
일반음식점,다께,부산광역시 동구 범일로102번길 12 (범일동),부산광역시 동구 범일동 830-257 ,051-631-6890
일반음식점,천일식당,부산광역시 동구 진성로9번길 34-1 (수정동),부산광역시 동구 수정동 189-10 ,051-467-2229
일반음식점,(재)케이티그룹희망나눔재단부산,"부산광역시 동구 부산진성공원로 23, KT부산정보통신센터 (범일동)",부산광역시 동구 범일동 830-29 KT부산정보통신센터 ,051-638-7000
일반음식점,엄마밥 한식뷔페,부산광역시 동구 중앙대로236번길 3-4 (초량동),부산광역시 동구 초량동 1194-10 ,051-422-2436
일반음식점,진짜배기 남원추어탕,"부산광역시 동구 초량중로 73, 1층 (초량동)",부산광역시 동구 초량동 297-3 ,051-316-0023
일반음식점,양지아구찜,부산광역시 동구 초량로 5-1 (초량동),부산광역시 동구 초량동 207-8 ,051-468-5459
일반음식점,목촌 돼지국밥,부산광역시 동구 범일로102번길 9 (범일동),부산광역시 동구 범일동 830-51 ,051-632-6622
일반음식점,굽네치킨(초량점),부산광역시 동구 초량로 59 (초량동),부산광역시 동구 초량동 906-2 ,051-467-9294
일반음식점,마당집,부산광역시 동구 홍곡로 6 (초량동),부산광역시 동구 초량동 130-12 ,051-465-6785
일반음식점,훈춘양고기,부산광역시 동구 중앙대로 243-10 (초량동),부산광역시 동구 초량동 172-6 ,051-467-6788
일반음식점,키스,부산광역시 동구 범일로 109 (범일동),부산광역시 동구 범일동 902-9 ,051-646-6044
일반음식점,시장생선구이,"부산광역시 동구 고관로 123 (수정동,(지하))",부산광역시 동구 수정동 244-1 (지하) ,051-467-7711
일반음식점,하늘섬,부산광역시 동구 초량로 9-1 (초량동),부산광역시 동구 초량동 197-21 ,051-441-5154
일반음식점,대갓집,부산광역시 동구 수정로 28 (수정동),부산광역시 동구 수정동 855-1 ,051-441-0086
일반음식점,쉐프 골목포차,부산광역시 동구 진성로9번길 9-7 (수정동),부산광역시 동구 수정동 1-154 ,051-466-1599
일반음식점,씨유(CU)동구수정점1,부산광역시 동구 중앙대로371번길 25 (수정동),부산광역시 동구 수정동 193-1 ,051-468-0999
일반음식점,맛나감자탕,부산광역시 동구 초량상로 98 (초량동),부산광역시 동구 초량동 132-8 132-11 ,051-463-7733
일반음식점,섬진강재첩국,부산광역시 동구 진성로 17 (수정동),부산광역시 동구 수정동 247-28 ,051-4413-000
일반음식점,좋은친구,부산광역시 동구 초량로 82 (초량동),부산광역시 동구 초량동 827-36 ,051-465-1860
일반음식점,부산보리밥,"부산광역시 동구 조방로49번길 11, A동 17129호 (범일동,830-45)",부산광역시 동구 범일동 830-44 830-45 A동 17129호,051-635-8541
일반음식점,고려홍삼삼계탕,부산광역시 동구 범일로102번길 16-9 (범일동),부산광역시 동구 범일동 830-268 ,051-638-3317
일반음식점,신선식당,부산광역시 동구 조방로49번길 13 (범일동),부산광역시 동구 범일동 830-46 ,051-631-9209
일반음식점,국제통닭범일점,"부산광역시 동구 조방로49번길 11 (범일동,,830-45 제일상가A동(17115,17221,17674,17675호))","부산광역시 동구 범일동 830-44 ,830-45 제일상가A동(17115,17221,17674,17675호) ",051-642-7766
일반음식점,진주식당,부산광역시 동구 대영로243번길 18 (초량동),부산광역시 동구 초량동 618-1 ,051-469-6662
일반음식점,원조동두천부대찌게,"부산광역시 동구 부산진성공원로 24 (570-17,584-14,584-40) (범일동)",부산광역시 동구 범일동 570-5 ,051-646-0500
일반음식점,유가네 닭갈비,"부산광역시 동구 진성로 13 (수정동,, 216, 217-3)","부산광역시 동구 수정동 215-1 , 216, 217-3 ",051-466-9233
일반음식점,중남해,부산광역시 동구 대영로243번길 27 (초량동),부산광역시 동구 초량동 609-2 ,051-469-9333
일반음식점,서울마님죽,부산광역시 동구 진성로9번길 42 (수정동),부산광역시 동구 수정동 184-2 ,
일반음식점,명당만두,부산광역시 동구 진성로9번길 42 (수정동),부산광역시 동구 수정동 184-2 ,051-469-6326
일반음식점,합천국밥,"부산광역시 동구 조방로49번길 11 (범일동,45 제일상가A동(17106,17124호))","부산광역시 동구 범일동 830-44 45 제일상가A동(17106,17124호) ",051-647-6270
일반음식점,부산해수랜드 찜질방,"부산광역시 동구 조방로34번길 9 (범일동,,830-172,830-181)","부산광역시 동구 범일동 830-171 ,830-172,830-181 ",051-635-0700
일반음식점,가스름제주생고기촌,"부산광역시 동구 중앙대로 511 (범일동,,97-5,98-2)","부산광역시 동구 범일동 96-3 ,97-5,98-2 ",051-636-5574
일반음식점,팔도미역 부산역점,부산광역시 동구 중앙대로196번길 6-7 (초량동),부산광역시 동구 초량동 1204-7 ,051-464-1110
일반음식점,골목게장,부산광역시 동구 범일로 103-8 (범일동),부산광역시 동구 범일동 915-7 ,051-645-2468
일반음식점,산청국밥,"부산광역시 동구 초량로13번길 26 (초량동, 310-3)","부산광역시 동구 초량동 310-3 , 311-4 ",051-463-2339
일반음식점,조선우육탕&면 초량점,부산광역시 동구 초량로40번길 10 (초량동),부산광역시 동구 초량동 806-42 ,051-466-1575
일반음식점,규봉카레,부산광역시 동구 중앙대로 393 (수정동),부산광역시 동구 수정동 229-6 ,051-462-0444
일반음식점,영주숯불갈비,부산광역시 동구 정공단로 38 (좌천동),부산광역시 동구 좌천동 428-4 ,051-634-1747
일반음식점,김밥천국,부산광역시 동구 대영로243번길 111 (초량동),부산광역시 동구 초량동 379-1 ,051-469-1007
일반음식점,엠비스,"부산광역시 동구 대영로243번길 78 (초량동,(1층))",부산광역시 동구 초량동 1208-12 (1층) ,051-465-5868
일반음식점,김해식당,"부산광역시 동구 조방로49번길 13, 제일상가B동 17431,1743호 (범일동,,830-47,-48)","부산광역시 동구 범일동 830-46 ,830-47,-48 제일상가B동 17431,1743호",051-636-1101
일반음식점,김해 뒷고기,부산광역시 동구 중앙대로195번가길 24 (초량동),부산광역시 동구 초량동 449-1 ,051-467-4343
일반음식점,화담양꼬치,"부산광역시 동구 초량로13번길 86 (초량동,,513-6)","부산광역시 동구 초량동 514-4 ,513-6 ",051-469-8675
일반음식점,고려삼계탕,부산광역시 동구 고관로29번길 20-6 (초량동),부산광역시 동구 초량동 35-7 ,051-467-4879
일반음식점,(주)큰집 밀양순대돼지국밥 부산역점,"부산광역시 동구 중앙대로231번길 5 (초량동,(1층))",부산광역시 동구 초량동 348-2 (1층) ,051-442-1117
일반음식점,카라(KARA),"부산광역시 동구 고관로 129-2 (수정동,(2층))",부산광역시 동구 수정동 234-14 (2층) ,051-462-0305
일반음식점,중화각,"부산광역시 동구 망양로689번길 10 (수정동,(1층))",부산광역시 동구 수정동 1171-8 (1층) ,051-465-7774
일반음식점,오늘,"부산광역시 동구 범일로 92-13 (범일동,1층)",부산광역시 동구 범일동 832-8 1층 ,051-643-5788
일반음식점,77돼지숯불갈비,"부산광역시 동구 진성로9번길 30-1 (수정동,(1,2층))","부산광역시 동구 수정동 189-8 (1,2층) ",051-466-0777
일반음식점,빈궁,"부산광역시 동구 중앙대로286번길 7-4 (초량동,케이씨비 1층101호)",부산광역시 동구 초량동 1161-8 케이씨비 1층101호 ,051-442-0710
일반음식점,발리,"부산광역시 동구 중앙대로195번길 24 (초량동,,533-1,1100-15,541-3 (5층))","부산광역시 동구 초량동 542 ,533-1,1100-15,541-3 (5층) ",
일반음식점,엔제리너스 부산역광장점,"부산광역시 동구 중앙대로214번길 3-2 (초량동,(2층))",부산광역시 동구 초량동 1200-11 (2층) ,051-469-6363
일반음식점,덕혜원,"부산광역시 동구 망양로 799-1 (수정동,(1층))",부산광역시 동구 수정동 523-1 (1층) ,051-464-5555
일반음식점,게이코,"부산광역시 동구 중앙대로 521 (범일동,(1층))",부산광역시 동구 범일동 73-2 (1층) ,051-633-3022
일반음식점,숙이식당,부산광역시 동구 진성로9번길 46 (수정동),부산광역시 동구 수정동 184-4 ,051-441-9865
일반음식점,청둥오리251,"부산광역시 동구 중앙대로251번길 48-2 (초량동,(1층))",부산광역시 동구 초량동 133-5 (1층) ,051-466-1335
일반음식점,건양정홍삼삼계탕 수정점,"부산광역시 동구 고관로 102 (수정동,동환빌딩 2층)",부산광역시 동구 수정동 159-1 동환빌딩 2층 ,051-462-3335
일반음식점,토니카쿠라멘,"부산광역시 동구 중앙대로236번길 3-6 (초량동,유성B/D 2층)",부산광역시 동구 초량동 1194-7 유성B/D 2층 ,051-441-4471
일반음식점,안목 부산역점,"부산광역시 동구 중앙대로214번길 3-10 (초량동,(1층))",부산광역시 동구 초량동 1200-4 (1층) ,051-441-0555
일반음식점,바다횟집,"부산광역시 동구 정공단로 11 (좌천동,(지하1층))",부산광역시 동구 좌천동 535-13 (지하1층) ,051-647-8887
일반음식점,족발신선생 부산초량점,"부산광역시 동구 초량상로 87, 1~2층 (초량동)",부산광역시 동구 초량동 937-51 ,051-441-1141
일반음식점,보람상조개발(주)좌천봉생병원장례식장,"부산광역시 동구 중앙대로 401 (좌천동,,682-23 (지하2층))","부산광역시 동구 좌천동 682-1 ,682-23 (지하2층) ",
일반음식점,중화1983,"부산광역시 동구 부산진성공원로 30, 1층 (범일동)",부산광역시 동구 범일동 829-3 ,051-647-4131
일반음식점,원,"부산광역시 동구 범일로89번길 26 (범일동,(1층))",부산광역시 동구 범일동 927-1 (1층) ,051-631-8559
일반음식점,더바른식당,"부산광역시 동구 진성로9번길 11 (수정동,(1층))",부산광역시 동구 수정동 1-161 (1층) ,
일반음식점,수정생아구탕,부산광역시 동구 중앙대로399번길 13 (수정동),"부산광역시 동구 수정동 228-40 228-39, 1층 ",051-441-5929
일반음식점,이바돔양곱창,"부산광역시 동구 범일로90번길 14 (범일동,(1,2층))","부산광역시 동구 범일동 572-5 (1,2층) ",051-645-5223
일반음식점,기장멸치쌈밥,"부산광역시 동구 진시장로 13 (범일동,(1층 102호))",부산광역시 동구 범일동 644-10 (1층 102호) ,051-631-0446
일반음식점,천백돈까스,"부산광역시 동구 초량상로 124-1 (초량동,(1층))",부산광역시 동구 초량동 100-8 (1층) ,
일반음식점,청기와식당,"부산광역시 동구 중앙대로320번길 7-2 (초량동,(1층))",부산광역시 동구 초량동 1154-6 (1층) ,051-442-2558
일반음식점,소반한식,"부산광역시 동구 중앙대로 206 (초량동,(3층))",부산광역시 동구 초량동 1187-1 (3층) ,051-260-8916
일반음식점,향촌오리불고기식당,"부산광역시 동구 조방로49번길 13, 1층 17422,17433호 (범일동, 제일상가아파트)",부산광역시 동구 범일동 830-46 제일상가아파트 ,051-646-2012
일반음식점,뚱삼이와 대삼이,"부산광역시 동구 초량로 42 (초량동,(1층))",부산광역시 동구 초량동 806-14 (1층) ,051-466-4750
일반음식점,거북이동네 초량점,부산광역시 동구 초량상로 94 (초량동),부산광역시 동구 초량동 279-1 ,051-469-5656
일반음식점,문어사냥,부산광역시 동구 고관로 135-2 (수정동),"부산광역시 동구 수정동 230-4 230-9(1,2층) ",
일반음식점,바코드(barcode),"부산광역시 동구 중앙대로371번길 22 (수정동,지상(2층))",부산광역시 동구 수정동 201-5 지상(2층) ,
일반음식점,청도고을,"부산광역시 동구 범일로90번길 16-6 (범일동,단층(1층))",부산광역시 동구 범일동 577 단층(1층) ,051-643-2555
일반음식점,매니아,"부산광역시 동구 범일로89번길 21 (범일동,지상1층)",부산광역시 동구 범일동 658-37 지상1층 ,
일반음식점,보림통닭,"부산광역시 동구 범곡북로 11, 평온상가아파트 1층 23419-5호 (범일동)",부산광역시 동구 범일동 1307-9 평온상가아파트 1층 23419-5호 ,051-632-3081
일반음식점,진역골목식당,"부산광역시 동구 진성로9번길 13-3 (수정동,(1층))",부산광역시 동구 수정동 1-164 (1층) ,051-442-5110
일반음식점,황산밀면,부산광역시 동구 중앙대로180번길 6-11 (초량동),부산광역시 동구 초량동 1212-5 ,051-469-2008
일반음식점,닭굽는마을,부산광역시 동구 망양로 909 (범일동),부산광역시 동구 범일동 1424-98 ,051-644-6889
일반음식점,교촌치킨 초량점,부산광역시 동구 초량상로 102 (초량동),부산광역시 동구 초량동 132-1 ,051-441-9994
일반음식점,브로드웨이(BROADWAY),부산광역시 동구 대영로243번길 72 (초량동),부산광역시 동구 초량동 1208-21 ,051-468-7726
일반음식점,은하식당,"부산광역시 동구 범곡남로 10 (범일동,양지아트빌라 101호)",부산광역시 동구 범일동 1371-1 양지아트빌라 101호 ,051-645-9990
일반음식점,대호포차,부산광역시 동구 조방로49번길 11 (범일동),부산광역시 동구 범일동 830-44 ,
일반음식점,미정씨 오리훈제 바베큐,부산광역시 동구 수정로 19-1 (수정동),부산광역시 동구 수정동 844-48 ,
일반음식점,서라벌오리,부산광역시 동구 조방로34번길 6 (범일동),부산광역시 동구 범일동 830-124 ,
일반음식점,화로고깃집,부산광역시 동구 진성로 12 (수정동),부산광역시 동구 수정동 214-7 ,
일반음식점,형제갈비,"부산광역시 동구 초량로 15-4 (초량동,(1층))",부산광역시 동구 초량동 197-32 (1층) ,051-467-9296
일반음식점,오복쌈밥,"부산광역시 동구 조방로49번길 13, 1층 17439,17440,17441,17442호 (범일동)",부산광역시 동구 범일동 830-46 ,
일반음식점,좌천집,부산광역시 동구 중앙대로 459-9 (좌천동),부산광역시 동구 좌천동 468-3 475-1 ,051-635-0089
일반음식점,천후,"부산광역시 동구 진성로3번길 6 (수정동,(1층))",부산광역시 동구 수정동 1-139 (1층) ,
일반음식점,마루팥빙수 단팥죽&찰떡볶이(본점),"부산광역시 동구 중앙대로179번길 9, 1층 101호 (초량동)",부산광역시 동구 초량동 611 ,
일반음식점,초량 끝판왕,부산광역시 동구 고관로13번길 23 (초량동),부산광역시 동구 초량동 65-4 ,051-465-1512
일반음식점,지맨(G- men),부산광역시 동구 범일로89번길 39 (범일동),부산광역시 동구 범일동 662-34 ,
일반음식점,장원돼지국밥,"부산광역시 동구 고관로 129-1 (수정동,(1층))",부산광역시 동구 수정동 234-7 (1층) ,
일반음식점,부평통닭,부산광역시 동구 조방로49번길 13 (범일동),부산광역시 동구 범일동 830-46 ,
일반음식점,"꼬리치는장어,산곰장어","부산광역시 동구 고관로 129-1 (수정동,(2층))",부산광역시 동구 수정동 234-7 (2층) ,
일반음식점,창현수산,"부산광역시 동구 범일로90번길 16-9, 1층 (범일동)",부산광역시 동구 범일동 579-10 ,051-639-5000
일반음식점,마마,부산광역시 동구 중앙대로209번길 6 (초량동),부산광역시 동구 초량동 489-4 ,
일반음식점,협성프라자 협성뷔페,"부산광역시 동구 중앙대로 360 (수정동,(12층,13층))","부산광역시 동구 수정동 79-788 (12층,13층) ",051-440-7080
일반음식점,명가,"부산광역시 동구 홍곡남로 8-1 (수정동,(1층))",부산광역시 동구 수정동 1043-49 (1층) ,051-468-9995
일반음식점,소문난갈치전문점,부산광역시 동구 조방로49번길 23-10 (범일동),부산광역시 동구 범일동 830-261 ,
일반음식점,700비어 범일역점,부산광역시 동구 조방로49번길 27-3 (범일동),부산광역시 동구 범일동 830-214 ,051-637-6788
일반음식점,무봤나세발낚지,"부산광역시 동구 조방로49번길 11 (범일동,제일상가9호)",부산광역시 동구 범일동 830-44 제일상가9호 ,051-631-3234
일반음식점,두래아구찜,"부산광역시 동구 고관로 82-1 (수정동,(1층))",부산광역시 동구 수정동 100-12 (1층) ,051-469-2007
일반음식점,포레일,"부산광역시 동구 중앙대로 206 (초량동,부산역사(1층))",부산광역시 동구 초량동 1187-1 부산역사(1층) ,051-463-4071
일반음식점,삼산면옥,부산광역시 동구 초량상로 76 (초량동),부산광역시 동구 초량동 295-18 ,
일반음식점,왕뚜껑 의정부 부대찌개,"부산광역시 동구 진성로9번길 5 (수정동,(1층))",부산광역시 동구 수정동 1-19 (1층) ,051-467-1717
일반음식점,라메르관광호텔 해수커피,부산광역시 동구 조방로34번길 9 (범일동),부산광역시 동구 범일동 830-171 ,051-635-0700
일반음식점,부경불백,부산광역시 동구 구봉로 2 (초량동),부산광역시 동구 초량동 667-12 ,051-463-9914
일반음식점,만복국수,부산광역시 동구 진성로9번길 3 (수정동),부산광역시 동구 수정동 210-21 ,051-465-1187
일반음식점,남다른썬치킨(부산진역점),부산광역시 동구 진성로 5 (수정동),부산광역시 동구 수정동 1-42 ,051-464-9999
일반음식점,처갓집 양념치킨 동구청점,부산광역시 동구 수정로 18 (수정동),부산광역시 동구 수정동 842-12 ,051-442-6620
일반음식점,장수마을,부산광역시 동구 중앙대로 534 (범일동),부산광역시 동구 범일동 62-716 ,051-632-7833
일반음식점,남해낙지,부산광역시 동구 고관로 13 (초량동),부산광역시 동구 초량동 46-23 ,051-468-6225
일반음식점,복성루,부산광역시 동구 고관로 142 (수정동),부산광역시 동구 수정동 227-52 ,051-464-5104
일반음식점,청십자병원,부산광역시 동구 중앙대로 364 (수정동),부산광역시 동구 수정동 79-708 ,051-469-1011
일반음식점,조방왕돈까스전문점,"부산광역시 동구 자성로133번길 31, 신일빌딩 1층 107호 (범일동)",부산광역시 동구 범일동 830-130 신일빌딩 ,051-636-0802
일반음식점,인창병원 장례식장,"부산광역시 동구 중앙대로 281 (초량동,(인창병원B동 6층))",부산광역시 동구 초량동 1147-2 (인창병원B동 6층) ,051-442-6955
일반음식점,오케이삼겹살,부산광역시 동구 범일로102번길 18 (범일동),부산광역시 동구 범일동 830-279 ,051-644-4608
일반음식점,가야왕족&감자탕 범일점,부산광역시 동구 범일로102번길 13 (범일동),부산광역시 동구 범일동 830-222 ,051-631-8253
일반음식점,닭서방 통다리치킨,부산광역시 동구 초량상로 101-1 (초량동),부산광역시 동구 초량동 130-11 ,
일반음식점,보배반점 부산역점,부산광역시 동구 진성로 6 (수정동),부산광역시 동구 수정동 1-53 ,
일반음식점,밀양식당,부산광역시 동구 성남오길 5-1 (좌천동),부산광역시 동구 좌천동 1151-35 ,051-636-5287
일반음식점,대한통운부산진창고구내식당,부산광역시 동구 성남로 27 (좌천동),부산광역시 동구 좌천동 68-31 ,
일반음식점,초량맛집 종잇장,부산광역시 동구 고관로29번길 10 (초량동),부산광역시 동구 초량동 41-5 ,
일반음식점,이웃 사촌,부산광역시 동구 조방로49번길 13 (범일동),부산광역시 동구 범일동 830-46 ,051-631-0065
일반음식점,초량밀면2,부산광역시 동구 중앙대로 225 (초량동),부산광역시 동구 초량동 363-2 ,051-466-4734
일반음식점,숙이식당,부산광역시 동구 범일로 92-6 (범일동),부산광역시 동구 범일동 830-37 ,051-805-9577
일반음식점,협성프라자,"부산광역시 동구 중앙대로 360 (수정동,79-811,79-850)","부산광역시 동구 수정동 79-788 79-811,79-850 ",051-440-7080
일반음식점,토요코인 부산역Ⅰ,부산광역시 동구 중앙대로196번길 12 (초량동),부산광역시 동구 초량동 1203-15 ,051-466-1045
일반음식점,할매김밥,부산광역시 동구 고관로 106 (수정동),부산광역시 동구 수정동 170-1 ,051-467-0547
일반음식점,제일반점,부산광역시 동구 성북로 52 (범일동),부산광역시 동구 범일동 1430-108 ,
일반음식점,역전 할머니 맥주(초량점),부산광역시 동구 중앙대로251번길 46-1 (초량동),부산광역시 동구 초량동 134-16 ,
일반음식점,남원추어탕,부산광역시 동구 중앙대로389번길 16 (수정동),부산광역시 동구 수정동 228-14 ,051-441-4681
일반음식점,리꼬리꼬,"부산광역시 동구 진성로9번길 22 (수정동,189-4,13,14,16)","부산광역시 동구 수정동 189-3 189-4,13,14,16 ",051-441-2377
일반음식점,굽네치킨 부산수정점,부산광역시 동구 홍곡로 74 (수정동),부산광역시 동구 수정동 1009-6 ,051-464-8292
일반음식점,금향각,부산광역시 동구 대영로243번길 27 (초량동),부산광역시 동구 초량동 609-2 ,
일반음식점,컴포즈커피 부산역점,부산광역시 동구 중앙대로180번길 6-3 (초량동),부산광역시 동구 초량동 1212-14 ,051-463-8384
일반음식점,내일,부산광역시 동구 중앙대로195번길 15 (초량동),부산광역시 동구 초량동 556-5 ,051-464-8541
일반음식점,길드,부산광역시 동구 진성로9번길 5 (수정동),부산광역시 동구 수정동 1-19 ,051-462-0221
일반음식점,멕시칸치킨,부산광역시 동구 성남이로37번길 24 (좌천동),부산광역시 동구 좌천동 35-12 ,051-636-1511
일반음식점,골목식당,부산광역시 동구 범곡북로 1-3 (범일동),부산광역시 동구 범일동 41-4 ,051-646-1186
일반음식점,고향식당,부산광역시 동구 고관로 102 (수정동),부산광역시 동구 수정동 159-1 ,051-462-3540
일반음식점,서산아구찜,부산광역시 동구 초량상로 118 (초량동),부산광역시 동구 초량동 103-14 ,051-466-5489
일반음식점,대청,"부산광역시 동구 범일로 125 (범일동,현대백화점(9층))",부산광역시 동구 범일동 62-5 현대백화점(9층) ,051-667-0933
일반음식점,궁중손칼국수,부산광역시 동구 초량로13번길 52 (초량동),부산광역시 동구 초량동 396-2 ,
일반음식점,수림,부산광역시 동구 초량중로93번길 12-1 (초량동),부산광역시 동구 초량동 135-38 ,051-442-5535
일반음식점,썬더치킨,부산광역시 동구 범곡북로 3 (범일동),부산광역시 동구 범일동 44-5 ,051-634-8592
일반음식점,샐러리아 부산진역점,부산광역시 동구 중앙대로371번길 22 (수정동),부산광역시 동구 수정동 201-5 ,
일반음식점,라라빌리지,부산광역시 동구 중앙대로231번길 42 (초량동),부산광역시 동구 초량동 291-10 ,
일반음식점,편한집밥,"부산광역시 동구 조방로 48, 지하1층 36호 (범일동)",부산광역시 동구 범일동 830-24 ,051-645-0005
일반음식점,수정동 쭈꾸미,부산광역시 동구 고관로 100-1 (수정동),부산광역시 동구 수정동 131 ,051-442-3892
일반음식점,일품 양평 해장국,부산광역시 동구 중앙대로236번길 7-3 (초량동),부산광역시 동구 초량동 1194-11 ,051-461-0409
일반음식점,낙지볶음 개미집 부산역사점,"부산광역시 동구 중앙대로 206, 한국철도공사부산지역본부 부산역사1층 (초량동)",부산광역시 동구 초량동 1187-1 부산역사1층 2번입구 정면 ,051-463-4071
일반음식점,제주암돼지왕소금구이,부산광역시 동구 범일로102번길 9 (범일동),부산광역시 동구 범일동 830-51 ,051-633-9285
일반음식점,원조갈치,부산광역시 동구 고관로 106 (수정동),부산광역시 동구 수정동 170-1 ,
일반음식점,동해장어구이,"부산광역시 동구 중앙대로195번가길 53 (초량동,, 2층일부)","부산광역시 동구 초량동 423-26 , 2층일부 ",051-466-3393
일반음식점,하루,부산광역시 동구 중앙대로296번길 3-3 (초량동),부산광역시 동구 초량동 1158-8 ,051-441-8828
일반음식점,영동아구찜,부산광역시 동구 대영로243번길 107 (초량동),부산광역시 동구 초량동 479 ,051-462-0079
일반음식점,동해횟집,"부산광역시 동구 고관로 106 (수정동,1층)",부산광역시 동구 수정동 170-1 1층 ,
일반음식점,오즈,부산광역시 동구 초량상로 90 (초량동),부산광역시 동구 초량동 283-12 ,051-441-1188
일반음식점,이진한우참숯,"부산광역시 동구 초량로13번길 37 (초량동,320-5,390-12 (2층,3층))","부산광역시 동구 초량동 320-1 320-5,390-12 (2층,3층) ",051-467-4020
일반음식점,블랙캣(BLACK CAT),"부산광역시 동구 중앙대로179번길 12, 3층 (초량동)",부산광역시 동구 초량동 570-2 ,051-441-8503
일반음식점,세븐(7),부산광역시 동구 진성로9번길 11 (수정동),부산광역시 동구 수정동 1-161 ,051-441-7705
일반음식점,빽다방 부산역점,"부산광역시 동구 중앙대로196번길 6-5 (초량동,1층)",부산광역시 동구 초량동 1204-4 1층 ,051-467-3423
일반음식점,캠프,"부산광역시 동구 조방로 51 (범일동,2층)",부산광역시 동구 범일동 834-3 2층 ,051-636-2102
일반음식점,화교대반점,부산광역시 동구 대영로243번길 42 (초량동),부산광역시 동구 초량동 568-1 ,051-442-5657
일반음식점,J.B 하우스,부산광역시 동구 범일로102번길 9 (범일동),부산광역시 동구 범일동 830-51 ,051-635-9090
일반음식점,괴정돼지국밥,"부산광역시 동구 중앙대로251번길 13 (초량동,169-2)",부산광역시 동구 초량동 168-3 169-2 ,
일반음식점,담가 화로구이 부산역점,부산광역시 동구 대영로243번길 105 (초량동),부산광역시 동구 초량동 483 ,051-462-2266
일반음식점,할매레스토랑협동조합,부산광역시 동구 망양로 533 (초량동),부산광역시 동구 초량동 841-1 ,
일반음식점,감포참가자미2,부산광역시 동구 범일로102번길 16-20 (범일동),부산광역시 동구 범일동 830-282 ,051-643-3188
일반음식점,차오푸,부산광역시 동구 초량상로 102 (초량동),부산광역시 동구 초량동 132-1 ,051-441-2790
일반음식점,7080 라이브,부산광역시 동구 범일로102번길 16-9 (범일동),부산광역시 동구 범일동 830-268 ,
일반음식점,김밥천국,부산광역시 동구 중앙대로 206 (초량동),부산광역시 동구 초량동 1187-1 ,
일반음식점,양산국밥,부산광역시 동구 중앙대로 206 (초량동),부산광역시 동구 초량동 1187-1 ,
일반음식점,수정횟집,부산광역시 동구 초량로 43 (초량동),부산광역시 동구 초량동 811-31 ,051-467-9909
일반음식점,두산식당,"부산광역시 동구 자성로116번길 2 (범일동,두산위브포세이돈2(105-104호))",부산광역시 동구 범일동 825-7 두산위브포세이돈2(105-104호) ,
일반음식점,밀해담,부산광역시 동구 중앙대로221번길 1 (초량동),부산광역시 동구 초량동 377-3 ,051-925-9593
일반음식점,부산옥,"부산광역시 동구 중앙대로 206 (초량동,4층)",부산광역시 동구 초량동 1187-1 4층 ,051-462-6288
일반음식점,산쪼메,부산광역시 동구 홍곡로 88 (수정동),부산광역시 동구 수정동 1005-1 ,051-469-5055
일반음식점,불막열삼,부산광역시 동구 진성로 13 (수정동),"부산광역시 동구 수정동 215-1 216, 217-3 ",
일반음식점,정다운 밥상,"부산광역시 동구 중앙대로 193 (초량동, 마린리더스타워 지하1층)",부산광역시 동구 초량동 1209-14 ,
일반음식점,동방축산 초량점,부산광역시 동구 초량중로 66 (초량동),부산광역시 동구 초량동 415-16 ,
일반음식점,첵앤아웃게스트하우스,부산광역시 동구 중앙대로226번길 3-7 (초량동),부산광역시 동구 초량동 1198-6 ,
일반음식점,맘스터치수정점,부산광역시 동구 중앙대로371번길 23 (수정동),부산광역시 동구 수정동 194 ,
일반음식점,맛짱마라탕 부산진역점,"부산광역시 동구 중앙대로 357, 301동 119호 (수정동, 협성휴포레부산진역)",부산광역시 동구 수정동 1352 협성휴포레부산진역 301동 119호,
일반음식점,와,부산광역시 동구 자성로 117 (범일동),부산광역시 동구 범일동 829-14 ,
일반음식점,국 이야기,부산광역시 동구 중앙대로371번길 42 (수정동),부산광역시 동구 수정동 248-56 ,
일반음식점,빨강숲,"부산광역시 동구 중앙대로195번가길 21 (초량동, 520-2 외1필지))",부산광역시 동구 초량동 520-4 ,
일반음식점,전주콩나루콩나물국밥,부산광역시 동구 고관로 29-1 (초량동),부산광역시 동구 초량동 42-9 ,051-466-1912
일반음식점,밀레오레,"부산광역시 동구 중앙대로180번길 6, 2층 (초량동)",부산광역시 동구 초량동 1212-1 2층 ,051-462-3355
일반음식점,수정한우식육식당,부산광역시 동구 망양로 691 (수정동),부산광역시 동구 수정동 1171-5 ,
일반음식점,사마르칸트,부산광역시 동구 대영로243번길 37 (초량동),부산광역시 동구 초량동 574-2 ,051-465-4734
일반음식점,항아리,부산광역시 동구 홍곡로 91 (수정동),부산광역시 동구 수정동 327-11 ,
일반음식점,텐이몽,부산광역시 동구 자성로133번길 10 (범일동),부산광역시 동구 범일동 830-9 ,051-636-8009
일반음식점,북면막걸리,부산광역시 동구 조방로49번길 11 (범일동),부산광역시 동구 범일동 830-44 ,051-634-5451
일반음식점,집밥정담,부산광역시 동구 고관로 107 (수정동),부산광역시 동구 수정동 288-10 ,051-710-9947
일반음식점,비빔가,"부산광역시 동구 중앙대로 206 (초량동, 부산역사내 4층)",부산광역시 동구 초량동 1187-1 ,051-442-0290
일반음식점,손가네식당,부산광역시 동구 진성로9번길 58 (수정동),부산광역시 동구 수정동 158 ,051-464-4638
일반음식점,초량375,"부산광역시 동구 초량로 19-1, 1층 (초량동)",부산광역시 동구 초량동 197-25 ,
일반음식점,미상,부산광역시 동구 범곡북로 14 (범일동),부산광역시 동구 범일동 1306-41 ,051-892-8303
일반음식점,다래식당,부산광역시 동구 초량남로 3-1 (초량동),부산광역시 동구 초량동 906-139 ,
일반음식점,천리향 고향만두,부산광역시 동구 대영로243번길 18 (초량동),부산광역시 동구 초량동 618-1 ,
일반음식점,좋은집,부산광역시 동구 조방로 10 (범일동),부산광역시 동구 범일동 830-65 ,051-631-7500
일반음식점,금호식당,부산광역시 동구 중앙대로209번길 5 (초량동),부산광역시 동구 초량동 492-2 ,051-467-2370
일반음식점,유연돼지갈비,부산광역시 동구 범일로102번길 16-5 (범일동),부산광역시 동구 범일동 830-267 ,051-638-8957
일반음식점,수성남로28,"부산광역시 동구 수성남로 28, 2층 (수정동)",부산광역시 동구 수정동 608-10 ,
일반음식점,일루아(ILLUA),부산광역시 동구 진성로9번길 3 (수정동),부산광역시 동구 수정동 210-21 ,
일반음식점,하와이 뮤직,부산광역시 동구 대영로243번길 91 (초량동),부산광역시 동구 초량동 492-3 ,
일반음식점,양정명동찌개마을 수정점,부산광역시 동구 진성로28번길 29 (좌천동),부산광역시 동구 좌천동 689-52 ,051-632-0268
일반음식점,(주)한솥도시락 부산역앞점,"부산광역시 동구 중앙대로 197 (초량동, 1층 일부)",부산광역시 동구 초량동 1208-18 ,
일반음식점,오쇼김밥,부산광역시 동구 자성로133번길 6 (범일동),부산광역시 동구 범일동 830-296 ,051-637-1255
일반음식점,수정동 갈빗집,부산광역시 동구 진성로 10 (수정동),부산광역시 동구 수정동 1-40 ,
일반음식점,비비큐 초량육거리점,부산광역시 동구 고관로13번길 63 (초량동),부산광역시 동구 초량동 664-21 ,051-441-8592
일반음식점,번개기사식당,"부산광역시 동구 초량남로 53-6 (초량동, 2층일부)",부산광역시 동구 초량동 838-42 ,
일반음식점,목구멍 범일점,부산광역시 동구 범일로90번길 6 (범일동),부산광역시 동구 범일동 629-2 ,051-637-0042
일반음식점,빨봉분식,부산광역시 동구 중앙대로371번길 23 (수정동),부산광역시 동구 수정동 194 ,
일반음식점,맘스터치,"부산광역시 동구 초량중로 87 (초량동, 1층)",부산광역시 동구 초량동 270-2 ,051-442-2348
일반음식점,수랏간,부산광역시 동구 중앙대로221번길 31 (초량동),부산광역시 동구 초량동 415-11 ,051-442-0551
일반음식점,김복희 소수구레,부산광역시 동구 조방로49번길 26 (범일동),부산광역시 동구 범일동 830-33 ,051-631-6747
일반음식점,햇빛먹거리,부산광역시 동구 초량남로 43 (초량동),부산광역시 동구 초량동 853-38 ,
일반음식점,명품식당,부산광역시 동구 진성로 5-8 (수정동),부산광역시 동구 수정동 1-60 ,
일반음식점,소술담어탕,부산광역시 동구 수정로 20-1 (수정동),부산광역시 동구 수정동 844-26 ,
일반음식점,헬로부찌,부산광역시 동구 조방로49번길 13 (범일동),부산광역시 동구 범일동 830-46 ,
일반음식점,수 밥상,부산광역시 동구 중앙대로389번길 16 (수정동),부산광역시 동구 수정동 228-14 ,051-441-5508
일반음식점,복순네,"부산광역시 동구 고관로7번길 30 (초량동, 1층)",부산광역시 동구 초량동 143-20 ,
일반음식점,구야네 술가게,"부산광역시 동구 초량중로 104 (초량동, 1층  139-5)",부산광역시 동구 초량동 139-4 ,051-944-4441
일반음식점,시골멸치국수,부산광역시 동구 범일로89번길 48 (범일동),부산광역시 동구 범일동 902-17 ,
일반음식점,초량비어,"부산광역시 동구 초량상로 88 (초량동, 1층, 283-18)",부산광역시 동구 초량동 283-13 ,
일반음식점,본스치킨 수정점,"부산광역시 동구 고관로 137 (수정동, 1층 , 230-7)",부산광역시 동구 수정동 230-3 ,
일반음식점,행복한대패삼겹,부산광역시 동구 범일로102번길 20 (범일동),부산광역시 동구 범일동 830-269 ,051-633-5684
일반음식점,엄마손칼국수,부산광역시 동구 수정중로 12 (수정동),부산광역시 동구 수정동 812-10 ,051-442-5253
일반음식점,5호순대집,부산광역시 동구 조방로 48 (범일동),부산광역시 동구 범일동 830-24 ,051-635-4785
일반음식점,봉구비어초량점,"부산광역시 동구 초량로 9-1 (초량동, 1층)",부산광역시 동구 초량동 197-21 ,
일반음식점,브레드웨이,부산광역시 동구 수정동로 1-3 (수정동),부산광역시 동구 수정동 800-8 ,
일반음식점,아름식당,부산광역시 동구 초량상로157번길 43 (수정동),부산광역시 동구 수정동 1005-3 ,
일반음식점,티아이엠(TIM),부산광역시 동구 자성로133번길 10 (범일동),부산광역시 동구 범일동 830-9 ,051-632-6004
일반음식점,명품달인김밥(부산역점),"부산광역시 동구 중앙대로 215 (초량동, 1층)",부산광역시 동구 초량동 1207-1 ,
일반음식점,하가면옥,"부산광역시 동구 초량로40번길 13 (초량동, 지하1층)",부산광역시 동구 초량동 806-125 ,051-4659-640
일반음식점,168 도시락국,"부산광역시 동구 영초길 191 (초량동, 1층)",부산광역시 동구 초량동 994-130 ,051-714-2619
일반음식점,지니(Ginee),부산광역시 동구 범일로89번길 41-2 (범일동),부산광역시 동구 범일동 664-17 ,
일반음식점,우츠쿠둑 2,"부산광역시 동구 대영로243번길 50 (초량동, 1층)",부산광역시 동구 초량동 565-0 ,051-465-7008
일반음식점,진땡이코다리찜 좌천점,부산광역시 동구 고관로153번길 7 (좌천동),부산광역시 동구 좌천동 812-5 ,051-632-8181
일반음식점,대수정,부산광역시 동구 자성로133번길 46 (범일동),부산광역시 동구 범일동 830-77 ,051-647-0147
일반음식점,얼큰이 손칼국수,부산광역시 동구 초량로13번길 86 (초량동),부산광역시 동구 초량동 514-4 ,
일반음식점,사계절밀면칼국수,부산광역시 동구 자성로133번길 46 (범일동),부산광역시 동구 범일동 830-77 ,
일반음식점,경양식 달과6펜스,"부산광역시 동구 중앙대로226번길 7-2 (초량동, 1층)",부산광역시 동구 초량동 1196-7 1층 ,051-441-0284
일반음식점,밀밭,부산광역시 동구 범곡북로 5 (범일동),부산광역시 동구 범일동 1308-3 ,051-636-9992
일반음식점,정육단,부산광역시 동구 범일로90번길 7 (범일동),부산광역시 동구 범일동 830-217 ,051-631-1232
일반음식점,사랑방,부산광역시 동구 자성로133번길 6 (범일동),부산광역시 동구 범일동 830-296 ,
일반음식점,수정반점,부산광역시 동구 수정동로 7-1 (수정동),부산광역시 동구 수정동 811-22 ,051-466-3043
일반음식점,한량천하,부산광역시 동구 초량중로 104-3 (초량동),부산광역시 동구 초량동 65-14 ,
일반음식점,영계마을,부산광역시 동구 망양로 864-1 (좌천동),부산광역시 동구 좌천동 907-8 ,
일반음식점,부산역 영동밀면,부산광역시 동구 대영로243번길 107 (초량동),부산광역시 동구 초량동 479 ,
일반음식점,닭선보는날,부산광역시 동구 망양로 877 (범일동),부산광역시 동구 범일동 1433-31 ,051-639-9979
일반음식점,헐심더,부산광역시 동구 초량로 19 (초량동),부산광역시 동구 초량동 197-67 ,
일반음식점,스시보노,부산광역시 동구 중앙대로 206 (초량동),부산광역시 동구 초량동 1187-1 ,
일반음식점,장어촌,부산광역시 동구 조방로49번길 29 (범일동),부산광역시 동구 범일동 830-216 ,051-632-0333
일반음식점,정직유부 초량점,부산광역시 동구 고관로29번길 8 (초량동),부산광역시 동구 초량동 41-9 ,051-525-6249
일반음식점,치킨신드롬(부산역점),부산광역시 동구 중앙대로274번길 7-7 (초량동),부산광역시 동구 초량동 1165-1 ,
일반음식점,옛날통닭,부산광역시 동구 중앙대로371번길 40 (수정동),부산광역시 동구 수정동 248-27 ,
일반음식점,해금강,"부산광역시 동구 중앙대로196번길 16-12, 2층 (초량동)",부산광역시 동구 초량동 1203-14 ,051-403-8888
일반음식점,뷔페 디(Buffet D),"부산광역시 동구 조방로 14 (범일동, 동일타워3층)",부산광역시 동구 범일동 830-140 ,051-638-6100
일반음식점,고수라 범일점,부산광역시 동구 중앙대로 514 (범일동),부산광역시 동구 범일동 62-720 102호,051-636-0550
일반음식점,돈오돈돼지국밥 범일점,"부산광역시 동구 조방로 14 (범일동, 동일타워 203호)",부산광역시 동구 범일동 830-140 ,
일반음식점,조방제일한우,부산광역시 동구 조방로42번길 12 (범일동),부산광역시 동구 범일동 830-113 ,
일반음식점,풍년쌈밥,부산광역시 동구 중앙대로286번길 9 (초량동),부산광역시 동구 초량동 1161-9 ,
일반음식점,직원식당,부산광역시 동구 조방로34번길 10 (범일동),부산광역시 동구 범일동 830-123 ,
일반음식점,836 바베큐치킨,부산광역시 동구 초량중로 50 (초량동),부산광역시 동구 초량동 521-1 ,
일반음식점,에머이(호텔포레더스파),"부산광역시 동구 중앙대로296번길 6 (초량동, (2층 일부))",부산광역시 동구 초량동 1162-3 ,
일반음식점,하나엔,"부산광역시 동구 범일로 114-3 (범일동, 834-28, 834-53)",부산광역시 동구 범일동 834-28 ,
일반음식점,만다린,"부산광역시 동구 중앙대로320번길 7-7, 1층 (초량동)",부산광역시 동구 초량동 1153-6 ,051-992-3330
일반음식점,뺠간풍차,부산광역시 동구 중앙대로195번가길 50 (초량동),부산광역시 동구 초량동 423-16 ,
일반음식점,대패가1900 수정점,부산광역시 동구 고관로 119 (수정동),,051-902-9293
일반음식점,오륙도낙지범일본점,부산광역시 동구 정공단로 46-1 (범일동),부산광역시 동구 범일동 181-1 ,051-638-1589
일반음식점,건강밥상,"부산광역시 동구 범일로 125, 지하2층 (범일동, 현대백화점)",부산광역시 동구 범일동 62-5 현대백화점지하2층 ,051-667-1252
일반음식점,면채반 현대백화점 부산점,"부산광역시 동구 범일로 125, 지하2층 (범일동, 현대백화점 푸드코트)",부산광역시 동구 범일동 62-5 ,
일반음식점,마스터스시,"부산광역시 동구 조방로 14 (범일동, 동일타워 123호)",부산광역시 동구 범일동 830-140 ,
일반음식점,맛깔참죽 부산범일점,"부산광역시 동구 조방로 14 (범일동, 동일타워 2층 222호)",부산광역시 동구 범일동 830-140 ,
일반음식점,불타는소(초량본점),부산광역시 동구 초량상로 106 (초량동),부산광역시 동구 초량동 135-6 ,
일반음식점,동구할메이드(구.625 막걸리),부산광역시 동구 영초윗길 21 (초량동),부산광역시 동구 초량동 994-56 994-777 ,051-467-7887
일반음식점,금수각,부산광역시 동구 초량로 119 (초량동),부산광역시 동구 초량동 851-6 ,051-442-2340
일반음식점,세윤 커피(드립 커피),부산광역시 동구 조방로49번길 17 (범일동),부산광역시 동구 범일동 830-220 ,051-633-0801
일반음식점,히얼이즈커피 범일동일타워점,"부산광역시 동구 조방로 14 (범일동, 동일타워상가 124호)",부산광역시 동구 범일동 830-140 동일타워상가 124호,
일반음식점,양지아구찜2,"부산광역시 동구 초량중로 96, 2층 (초량동)",부산광역시 동구 초량동 135-43 2층 ,051-441-5459
일반음식점,옛날치킨,"부산광역시 동구 중앙대로195번길 25, 1층 (초량동)",부산광역시 동구 초량동 545-7 ,051-462-7797
일반음식점,맛내는 언니,"부산광역시 동구 범곡북로 11, 23419-3호 (범일동)",부산광역시 동구 범일동 1307-9 23419-3 ,
일반음식점,고기듬뿍대왕비빔밥 초량점,부산광역시 동구 중앙대로320번길 3-10 (초량동),부산광역시 동구 초량동 1153-4 ,051-465-6868
일반음식점,또또와 수산,"부산광역시 동구 초량중로 119-2, 지상1,2층 (초량동)",부산광역시 동구 초량동 90-5 ,051-442-1580
일반음식점,메밀면가,"부산광역시 동구 자성로111번길 8-5, 1층 (범일동)",부산광역시 동구 범일동 829-38 ,051-632-8001
일반음식점,이조설렁탕,부산광역시 동구 중앙대로226번길 7-3 (초량동),부산광역시 동구 초량동 1197-5 ,
일반음식점,이유(EU),"부산광역시 동구 초량상로 106, 2층 (초량동)",부산광역시 동구 초량동 135-6 2층 ,051-468-3855
일반음식점,소이락,"부산광역시 동구 자성로133번길 45-1, 1층 (범일동)",부산광역시 동구 범일동 830-170 1층 ,051-643-6160
일반음식점,누크,부산광역시 동구 망양로 855-1 (수정동),부산광역시 동구 수정동 417-10 ,
일반음식점,수정식당,"부산광역시 동구 중앙대로371번길 53, 1층 (수정동)",부산광역시 동구 수정동 547-13 ,051-464-6629
일반음식점,언덕너머한우,부산광역시 동구 부산진성공원로 23-7 (범일동),부산광역시 동구 범일동 584-20 ,
일반음식점,(주)정진홈푸드부산항국제여객터미널점,"부산광역시 동구 충장대로 206, 3층 (초량동, 부산항국제여객터미널)",부산광역시 동구 초량동 45-39 부산항국제여객터미널 3층 ,051-465-7225
일반음식점,6거리 포차,"부산광역시 동구 초량로 33, 지하1층 (초량동)",부산광역시 동구 초량동 280 ,051-934-7687
일반음식점,나광바다장어,부산광역시 동구 초량중로 105 (초량동),부산광역시 동구 초량동 108-3 ,051-463-1525
일반음식점,노랑통닭,부산광역시 동구 초량로16번길 8 (초량동),부산광역시 동구 초량동 191-2 ,
일반음식점,우리동네168브런치카페,"부산광역시 동구 수정동로 20, 1층 (수정동)",부산광역시 동구 수정동 804-31 ,051-462-0168
일반음식점,짬뽕관 부산역점,"부산광역시 동구 중앙대로 166, 1층 (초량동)",부산광역시 동구 초량동 1211-10 1211-12 ,051-466-6657
일반음식점,달달포차,부산광역시 동구 부산진성공원로 23-7 (범일동),부산광역시 동구 범일동 584-20 ,
일반음식점,OK암소갈비살수정,"부산광역시 동구 진성로 12-2, 1층 (수정동)",부산광역시 동구 수정동 221-11 ,
일반음식점,빽보이피자 부산범일점,"부산광역시 동구 중앙대로 514, 1층 108호 (범일동)",부산광역시 동구 범일동 62-720 108호,051-636-0290
일반음식점,옛날통닭,부산광역시 동구 범일로 87 (범일동),부산광역시 동구 범일동 937-8 ,051-637-2627
일반음식점,잇츠(it's)행복한밥상,"부산광역시 동구 자성로133번길 45-1, 2층 (범일동)",부산광역시 동구 범일동 830-170 2층 ,051-638-3789
일반음식점,벨리,부산광역시 동구 대영로243번길 73-3 (초량동),부산광역시 동구 초량동 500-1 ,
일반음식점,월천순대국밥,부산광역시 동구 망양로 868 (좌천동),부산광역시 동구 좌천동 907-5 ,051-635-5006
일반음식점,얌샘김밥 부산범일점,"부산광역시 동구 조방로 14 (범일동, 동일타워 2층 223호)",부산광역시 동구 범일동 830-140 ,
일반음식점,고집센 그집 갈비탕,부산광역시 동구 중앙대로231번길 46 (초량동),부산광역시 동구 초량동 291-1 ,051-468-7778
일반음식점,밀양가산돼지국밥,부산광역시 동구 자성로133번길 45 (범일동),부산광역시 동구 범일동 830-173 ,051-635-9279
일반음식점,영빈,부산광역시 동구 진성로 5-6 (수정동),부산광역시 동구 수정동 1-90 ,
일반음식점,초량화로,부산광역시 동구 구봉로 4 (초량동),부산광역시 동구 초량동 667-6 ,
일반음식점,엄마카세 전집,"부산광역시 동구 범곡북로 1-4, B동 1층 (범일동)",부산광역시 동구 범일동 44-1 ,
일반음식점,마루봄,"부산광역시 동구 범일로90번길 18, 1,2,3층 (범일동)",부산광역시 동구 범일동 571-2 ,051-633-2173
일반음식점,"지금,양곱창",부산광역시 동구 초량중로 99 (초량동),부산광역시 동구 초량동 135-10 ,
일반음식점,맛나당,부산광역시 동구 수정로 23 (수정동),부산광역시 동구 수정동 844-33 ,
일반음식점,처갓집 양념치킨(범일점),부산광역시 동구 범상로 23 (범일동),부산광역시 동구 범일동 1438-286 ,051-636-1923
일반음식점,BHC 수정점,부산광역시 동구 중앙대로 393 (수정동),부산광역시 동구 수정동 229-6 1층 ,051-466-2266
일반음식점,오성집,부산광역시 동구 초량중로 81 (초량동),"부산광역시 동구 초량동 254 250-1,252-3,255,263-3,263-4 ",051-468-4931
일반음식점,백산,"부산광역시 동구 조방로 14 (범일동, 동일타워 2층 225호)",부산광역시 동구 범일동 830-140 ,051-635-8219
일반음식점,청아대외식,"부산광역시 동구 범상로 37, 2층 (범일동)",부산광역시 동구 범일동 1522-321 2층 ,
일반음식점,갈매기샌드(갈매기컴퍼니),부산광역시 동구 중앙대로226번길 7-2 (초량동),부산광역시 동구 초량동 1196-7 ,
일반음식점,요이참치 초량점,부산광역시 동구 중앙대로 245 (초량동),부산광역시 동구 초량동 172-20 ,
일반음식점,은하수,"부산광역시 동구 조방로49번길 11, A동 1층 17107호 (범일동)",부산광역시 동구 범일동 830-44 ,
일반음식점,코소롱 제주 참숯생고기 전문점,부산광역시 동구 조방로 39-11 (범일동),부산광역시 동구 범일동 830-55 1층 ,051-636-9967
일반음식점,모티,"부산광역시 동구 망양로 669, 지하1층 (수정동)",부산광역시 동구 수정동 1174-11 지하1층 ,051-469-8253
일반음식점,가마뫼나들목,"부산광역시 동구 증산로 74, 2층 (좌천동)",부산광역시 동구 좌천동 793-5 2층 ,
일반음식점,Cafe Nata,부산광역시 동구 대영로243번길 46 (초량동),부산광역시 동구 초량동 567 ,
일반음식점,부관레스토랑,"부산광역시 동구 충장대로 206, 2층 (초량동, 선박, 부관훼리 성희호)",부산광역시 동구 초량동 45-39 ,
일반음식점,숯댕이 한우,부산광역시 동구 홍곡로58번길 3 (수정동),부산광역시 동구 수정동 1030-10 ,
일반음식점,촌놈통닭,부산광역시 동구 초량로13번길 1 (초량동),부산광역시 동구 초량동 198-1 ,051-462-9998
일반음식점,할매곱창집,부산광역시 동구 진성로 12-2 (수정동),부산광역시 동구 수정동 221-11 ,051-467-4118
일반음식점,맛있는밥상,"부산광역시 동구 중앙대로 지하 200, 나29호 (초량동, 부산역지하상가)",부산광역시 동구 초량동 1206-1 부산역지하상가 나29호 ,051-441-1320
일반음식점,MG고팡,"부산광역시 동구 초량중로 49, 1층 101호 (초량동)",부산광역시 동구 초량동 1043-8 ,
일반음식점,숯불갈비명가 미래,부산광역시 동구 수정로 23-1 (수정동),부산광역시 동구 수정동 844-30 ,051-468-3456
일반음식점,프루쉬,"부산광역시 동구 조방로 14, 1층 103호 (범일동)",부산광역시 동구 범일동 830-140 ,
일반음식점,성북고개식당,"부산광역시 동구 망양로 853, 1층 (수정동)",부산광역시 동구 수정동 417-14 ,051-467-9304
일반음식점,금수저 은수저,부산광역시 동구 수정동로 7 (수정동),부산광역시 동구 수정동 811-7 ,051-469-8255
일반음식점,조아족발 범일직영점,부산광역시 동구 망양로 962-1 (범일동),부산광역시 동구 범일동 1306-12 ,
일반음식점,수정닭반마리칼국수,"부산광역시 동구 중앙대로 227, 1층 (초량동)",부산광역시 동구 초량동 360 ,051-468-8909
일반음식점,동대문엽기떡볶이부산역점,부산광역시 동구 중앙대로 211 (초량동),부산광역시 동구 초량동 1207-5 ,051-467-8592
일반음식점,초량,부산광역시 동구 망양로 533-5 (초량동),부산광역시 동구 초량동 845 ,051-462-7774
일반음식점,한재유통,부산광역시 동구 범곡로 19 (범일동),부산광역시 동구 범일동 1313-12 ,
일반음식점,깻잎두마리치킨 부산동구점,"부산광역시 동구 초량상로79번길 33-2, 1층 (초량동)",부산광역시 동구 초량동 931-19 1층 ,051-465-1113
일반음식점,바보국밥,"부산광역시 동구 중앙대로260번길 3-7, 103호 (초량동)",부산광역시 동구 초량동 1169-8 ,051-441-7190
일반음식점,노가리앤비어,"부산광역시 동구 조방로26번길 7 (범일동, 이즈팰리스 101호)",부산광역시 동구 범일동 830-197 ,
일반음식점,론,"부산광역시 동구 범일로102번길 16-3, 2층 (범일동)",부산광역시 동구 범일동 830-28 ,
일반음식점,모어샌드위치,"부산광역시 동구 중앙대로371번길 66, 1층 (수정동)",부산광역시 동구 수정동 548-1 ,
일반음식점,국수나무 시민회관 이즈팰리스점,"부산광역시 동구 조방로26번길 7, 102동 104호 (범일동)",부산광역시 동구 범일동 830-197 ,
일반음식점,에그드랍부산범일동일타워점,"부산광역시 동구 조방로 14, 판매2-106호 (범일동, 동일타워)",부산광역시 동구 범일동 830-140 ,051-633-1031
일반음식점,족,"부산광역시 동구 수정로 21, 1층 (수정동)",부산광역시 동구 수정동 844-110 ,
일반음식점,마부하이2,"부산광역시 동구 중앙대로195번길 13, 2층 (초량동)",부산광역시 동구 초량동 557-2 557-5(2층) ,051-466-9817
일반음식점,오다 가다,부산광역시 동구 망양로 589-2 (초량동),부산광역시 동구 초량동 794-664 ,
일반음식점,청풍양꼬치,"부산광역시 동구 초량상로 157, 1층 (수정동)",부산광역시 동구 수정동 363-11 ,051-466-0288
일반음식점,태양반점,부산광역시 동구 망양로 865 (좌천동),부산광역시 동구 좌천동 907-28 ,051-468-3761
일반음식점,시골정식,"부산광역시 동구 중앙대로 263, 국제오피스텔 1층 103호 (초량동)",부산광역시 동구 초량동 1147-14 국제오피스텔 ,051-467-6707
일반음식점,기남윤주 막걸리,"부산광역시 동구 초량로 20, 1층 (초량동)",부산광역시 동구 초량동 145-9 ,051-469-7862
일반음식점,오오키돈까스,"부산광역시 동구 범일로 125, 지하2층 (범일동)",부산광역시 동구 범일동 62-5 ,051-501-9601
일반음식점,명가,"부산광역시 동구 중앙대로236번길 12, 1층 (초량동)",부산광역시 동구 초량동 1196-1 ,051-468-5592
일반음식점,"7번가피자(진역,초량점)","부산광역시 동구 고관로 90-1, 1층 (수정동)",부산광역시 동구 수정동 116-8 ,051-441-6766
일반음식점,돈돼지,"부산광역시 동구 홍곡로 68, 1층 101호 (수정동, 베스안하우스 2차)",부산광역시 동구 수정동 1014-8 베스안하우스 2차 ,051-466-8200
일반음식점,커피꽃 레스토랑,부산광역시 동구 초량로 20 (초량동),부산광역시 동구 초량동 145-9 ,
일반음식점,초량845,"부산광역시 동구 망양로533번길 8, 2층 (초량동)",부산광역시 동구 초량동 845-1 ,051-465-0845
일반음식점,숙이네보리밥,"부산광역시 동구 초량상로79번길 33-2, 1층 (초량동)",부산광역시 동구 초량동 931-19 ,051-466-7922
일반음식점,BHC 부산역점,"부산광역시 동구 초량중로 29-2, 1-2층 (초량동)",부산광역시 동구 초량동 1056-8 1-2층 ,051-465-5882
일반음식점,단양집,부산광역시 동구 조방로49번길 27-6 (범일동),부산광역시 동구 범일동 830-238 ,051-644-5826
일반음식점,꽁쉐프,"부산광역시 동구 중앙대로214번길 3-10, 2층 (초량동)",부산광역시 동구 초량동 1200-4 2층 ,051-465-0770
일반음식점,좋은식당,"부산광역시 동구 초량로 108, 1층 (초량동)",부산광역시 동구 초량동 827-180 ,
일반음식점,내가진짜떡볶이다,"부산광역시 동구 홍곡로58번길 5, 1층 (수정동)",부산광역시 동구 수정동 1028-15 ,051-465-1458
일반음식점,만복네,"부산광역시 동구 범일로102번길 4, 2층 (범일동)",부산광역시 동구 범일동 830-26 ,051-638-4849
일반음식점,신발원 외전,부산광역시 동구 대영로243번길 64 (초량동),부산광역시 동구 초량동 560 ,
일반음식점,코코,"부산광역시 동구 충장대로 206, 3층 (초량동)",부산광역시 동구 초량동 45-39 ,
일반음식점,도너텍사스(DonerTexas),"부산광역시 동구 대영로243번길 51, 1층 (초량동)",부산광역시 동구 초량동 581 ,
일반음식점,88란주우육면,"부산광역시 동구 중앙대로 181, 1~2층 (초량동)","부산광역시 동구 초량동 1209-13 1층일부, 2층 ",
일반음식점,이탈리안샐러드,"부산광역시 동구 수정중로11번길 2, 2층 (수정동)",부산광역시 동구 수정동 799-8 2층 ,
일반음식점,짬뽕부심,"부산광역시 동구 중앙대로236번길 3-4, 1층 (초량동, 대동빌딩)",부산광역시 동구 초량동 1194-10 1194-14 대동빌딩 1층일부 ,051-466-0420
일반음식점,본동 추어탕,"부산광역시 동구 진성로21번길 25, 1층 (수정동)",부산광역시 동구 수정동 248-17 ,051-441-5416
일반음식점,충무김밥,"부산광역시 동구 중앙대로214번길 3-2, 1층 (초량동, 광장빌딩)",부산광역시 동구 초량동 1200-11 광장빌딩 1층 ,051-462-0687
일반음식점,초량 할매 족발,부산광역시 동구 초량중로77번길 4 (초량동),부산광역시 동구 초량동 247-2 1층 ,
일반음식점,데판혼포,"부산광역시 동구 범일로 125, 지하2층 (범일동)",부산광역시 동구 범일동 62-5 현대백화점 부산점 ,
일반음식점,토담돼지국밥,"부산광역시 동구 고관로 114, 1층 (수정동)",부산광역시 동구 수정동 262 ,051-242-9001
일반음식점,시오,"부산광역시 동구 중앙대로 373-1, 1-2층 (수정동)",부산광역시 동구 수정동 1-115 ,
일반음식점,으뜸한우,"부산광역시 동구 진성로9번길 6, 1층 (수정동)",부산광역시 동구 수정동 210-22 ,
일반음식점,칭기스칸,"부산광역시 동구 대영로243번길 31, 지하1층 (초량동)",부산광역시 동구 초량동 610-2 지하1층 일부 ,
일반음식점,매콤아구찜 초량점,"부산광역시 동구 초량중로 126-3, 1층 (초량동)","부산광역시 동구 초량동 35-1 35-9, 35-19, 35-20 22609호",051-442-0209
일반음식점,무한사랑김치찌개,"부산광역시 동구 중앙대로180번길 6-9, 102호 (초량동)",부산광역시 동구 초량동 1212-4 102호 ,051-466-4311
일반음식점,맛자랑,"부산광역시 동구 중앙대로 지하 200, 나30호 (초량동)",부산광역시 동구 초량동 1206-1 부산역지하도상가 나30호,051-244-6979
일반음식점,화통한할매도시락,"부산광역시 동구 중앙대로 243-13, 1층 (초량동)",부산광역시 동구 초량동 171-11 초량 아동센타 ,051-728-7011
일반음식점,노리터Ⅱ,"부산광역시 동구 고관로 73-1, 1층 (수정동)",부산광역시 동구 수정동 330-3 ,
일반음식점,다홍치마,"부산광역시 동구 중앙대로361번길 37, 1층 (수정동)","부산광역시 동구 수정동 284-2 284-3, 285-1 ",051-441-1210
일반음식점,불막열삼,"부산광역시 동구 중앙대로221번길 27, 1층 (초량동)",부산광역시 동구 초량동 410-5 1층 ,051-442-4423
일반음식점,뉴서울식당,"부산광역시 동구 조방로49번길 13, 지하1층 17415-1호 (범일동, 제일상가아파트)",부산광역시 동구 범일동 830-46 제일상가아파트 지하1층 17415-1 ,051-634-5400
일반음식점,멕시카나 범일역점,"부산광역시 동구 조방로26번길 7, 101동 102호 (범일동, 범일역 이즈팰리스 베스트)",부산광역시 동구 범일동 830-197 범일역 이즈팰리스 베스트 101동 102호,051-633-9978
일반음식점,다도해,"부산광역시 동구 고관로153번길 8, 1층 (좌천동)",부산광역시 동구 좌천동 684-1 ,
일반음식점,그집한상,"부산광역시 동구 진성로 5, 1층 (수정동)",부산광역시 동구 수정동 1-42 ,
일반음식점,자부심,"부산광역시 동구 고관로 135-4, 1층 (수정동)",부산광역시 동구 수정동 230-10 ,051-925-5912
일반음식점,아름다운 동행,"부산광역시 동구 초량로14번길 4, 1-2층 (초량동)",부산광역시 동구 초량동 174-20 195-5 ,
일반음식점,구스토,"부산광역시 동구 중앙대로214번길 7-8, 21층 (초량동)","부산광역시 동구 초량동 1201-1 1201-8, 아스티호텔 21층 ",051-409-8801
일반음식점,제니하우스,"부산광역시 동구 조방로 14, 동일타워 2층 판매2-219호 (범일동)",부산광역시 동구 범일동 830-140 동일타워 ,
일반음식점,밥을짓다,"부산광역시 동구 조방로 14, 동일타워 2층 판매2-213,판매2-214호 (범일동)","부산광역시 동구 범일동 830-140 동일타워 판매2-213호, 판매2-214호 ",
일반음식점,248 FOOD CAFE(푸드카페),"부산광역시 동구 중앙대로248번길 7, 1층 (초량동)",부산광역시 동구 초량동 1189-4 ,
일반음식점,자성뷔페,"부산광역시 동구 자성로111번길 8-6, 1층 (범일동)","부산광역시 동구 범일동 829-33 829-34, 27695호 1층일부 ",
일반음식점,총각네충무김밥,"부산광역시 동구 중앙대로214번길 7-7, 지하1층 (초량동)",부산광역시 동구 초량동 1200-14 지하1층 ,
일반음식점,카마타케 제면소,"부산광역시 동구 범일로 125, 현대백화점 부산점 지하2층 (범일동)",부산광역시 동구 범일동 62-5 현대백화점 부산점 지하2층 ,
일반음식점,이서방 도야지,"부산광역시 동구 고관로 33-2, 1층 (수정동)",부산광역시 동구 수정동 397-9 20672호 1층 ,051-462-2335
일반음식점,임페리아,"부산광역시 동구 대영로243번길 46, 지상1층 및 지하1층 (초량동)",부산광역시 동구 초량동 567 ,051-441-4022
일반음식점,꾸브라꼬숯불두마리치킨,"부산광역시 동구 초량상로 39, 1층 (초량동)",부산광역시 동구 초량동 1055-9 ,051-469-8842
일반음식점,호시노미치,"부산광역시 동구 중앙대로248번길 3-11, 1층 (초량동)",부산광역시 동구 초량동 1191-1 1층 일부 ,
일반음식점,영동밀면&돼지국밥,"부산광역시 동구 중앙대로209번길 12, 1층 (초량동)",부산광역시 동구 초량동 472-1 1층일부 ,
일반음식점,갓생맥주 초량점,"부산광역시 동구 중앙대로251번길 32, 1층 (초량동)",부산광역시 동구 초량동 143-6 146-6 ,
일반음식점,더도이 종가집 부산역,"부산광역시 동구 중앙대로180번길 7, 한창빌딩 1층 (초량동)",부산광역시 동구 초량동 1204-12 한창빌딩 1층 ,051-925-0078
일반음식점,영아네,"부산광역시 동구 수정동로 25, 1층 (수정동)",부산광역시 동구 수정동 547-11 1층 ,
일반음식점,디디씨치킨(초량산복도로점),"부산광역시 동구 망양로 481, 가동 지하1층 (초량동, 쏠라맨션)",부산광역시 동구 초량동 880 쏠라맨션 가동 지하호,051-464-9282
일반음식점,수정 갈비탕,"부산광역시 동구 중앙대로371번길 46, 유진빌딩 1층 (수정동)","부산광역시 동구 수정동 248-58 유진빌딩, 1층 ",051-442-1118
일반음식점,부산역1층 복순도가,"부산광역시 동구 중앙대로 206, 1층 (초량동)",부산광역시 동구 초량동 1187-1 부산역사 내 ,
일반음식점,동주,"부산광역시 동구 망양로 687, 2층 (수정동)",부산광역시 동구 수정동 1172-1 2층 ,
일반음식점,아인,"부산광역시 동구 진성로 6, 3층 (수정동)",부산광역시 동구 수정동 1-53 3층 ,
일반음식점,채선당 행복가마솥밥,"부산광역시 동구 중앙대로 206, 부산역사 내 1층 (초량동)",부산광역시 동구 초량동 1187-1 한국철도공사부산지역본부 1층 ,
일반음식점,쇠가리수제돈까스,"부산광역시 동구 망양로 735, 1층 (수정동)",부산광역시 동구 수정동 1163-2 1층 ,051-464-9232
일반음식점,골목칼국수,"부산광역시 동구 초량중로93번길 11, 1층 (초량동)","부산광역시 동구 초량동 133 133-1, 1층 일부 ",
일반음식점,진국정,"부산광역시 동구 조방로42번길 10, 1층 (범일동)",부산광역시 동구 범일동 830-154 ,051-631-3932
일반음식점,푸드코트 부산역점,"부산광역시 동구 중앙대로 206, 부산역사내 4층 (초량동)",부산광역시 동구 초량동 1187-1 부산역사내 4층 ,
일반음식점,동미락,"부산광역시 동구 구청로 1, 동구청 지하2층 (수정동)",부산광역시 동구 수정동 806-74 동구청 ,051-462-1466
일반음식점,양정 명동찌개마을 초량점,"부산광역시 동구 중앙대로251번길 19, 1층 (초량동)",부산광역시 동구 초량동 184-2 1층 일부 ,051-466-5455
일반음식점,에그존,"부산광역시 동구 중앙대로195번가길 26, 1층 (초량동)",부산광역시 동구 초량동 448-1 ,051-466-0100
일반음식점,수정각,부산광역시 동구 망양로 856 (좌천동),부산광역시 동구 좌천동 913-35 ,051-463-3032
일반음식점,옐로나이프,"부산광역시 동구 망양로 769, 2층 (수정동)",부산광역시 동구 수정동 689-14 ,
일반음식점,이안 애(愛),"부산광역시 동구 조방로 48, 자유시장 1021, 1022호 (범일동)","부산광역시 동구 범일동 830-24 자유시장 1021, 1022호 ",
일반음식점,부원 냉삼집 범일동점,"부산광역시 동구 범일로 41, 지상1층 107호 (범일동, 오션브릿지)",부산광역시 동구 범일동 1655 오션브릿지상가 지상1층 107호,051-632-8282
일반음식점,개미집 부산역점,"부산광역시 동구 초량상로 101-1, 1층 (초량동)",부산광역시 동구 초량동 130-11 1층 일부 ,
일반음식점,호야막창&소갈비살,"부산광역시 동구 초량상로 123-1, 1층 (초량동)",부산광역시 동구 초량동 92-21 1층 ,
일반음식점,밥풀떼기,"부산광역시 동구 초량로 72-1, 1층 (초량동)",부산광역시 동구 초량동 824-54 1층 일부 ,051-467-1277
일반음식점,가마솥,"부산광역시 동구 중앙대로180번길 12-11, 1층 (초량동)",부산광역시 동구 초량동 1213-8 1층 ,051-416-1141
일반음식점,고고돈까스,"부산광역시 동구 조방로 14, 동일타워 지상2층 판매2-215호 (범일동)",부산광역시 동구 범일동 830-140 동일타워 지상2층 판매2-215호 ,051-633-7077
일반음식점,고기굽는 삼시세끼(부산역점),"부산광역시 동구 중앙대로226번길 7-3, 거영빌딩 2층 (초량동)",부산광역시 동구 초량동 1197-5 거영빌딩 2층 일부 ,
일반음식점,돈키(DONKI),"부산광역시 동구 성남이로 40, 지상1층 (범일동)",부산광역시 동구 범일동 252-1003 ,051-634-9282
일반음식점,더곱이네 동구점,"부산광역시 동구 홍곡중로 4, 1층 (수정동)",부산광역시 동구 수정동 1032-23 ,
일반음식점,다정,"부산광역시 동구 망양로 892, 지상1층 (범일동)",부산광역시 동구 범일동 1445-63 지상1층 일부 ,
일반음식점,153 구포국수,"부산광역시 동구 중앙대로 381, B동 지상1층 (수정동)",부산광역시 동구 수정동 1-110 B동 ,
일반음식점,단테라운지,"부산광역시 동구 초량로13번길 58, 1층 (초량동)",부산광역시 동구 초량동 399 1층 일부 ,
일반음식점,천춘일 식당,"부산광역시 동구 자성로75번길 29, 지상1층 103호 (범일동)",부산광역시 동구 범일동 321-19 103호,
일반음식점,부산국밥,"부산광역시 동구 자성로133번길 50, 지상1층 (범일동)",부산광역시 동구 범일동 830-74 ,051-635-6698
일반음식점,초량 단골집,"부산광역시 동구 초량로 20-1, 1,2층 (초량동)",부산광역시 동구 초량동 145-5 ,
일반음식점,고관함박,"부산광역시 동구 중앙대로349번길 14, 1층 (수정동)",부산광역시 동구 수정동 63-1 ,051-911-8484
일반음식점,aLive(얼라이브),"부산광역시 동구 중앙대로196번길 10, 부산역라마다앙코르호텔 23층 2301호 (초량동)",부산광역시 동구 초량동 1204-1 부산역라마다앙코르호텔 2301호,051-922-0043
일반음식점,툴스돈카츠,"부산광역시 동구 망양로 686, 1층 (수정동)",부산광역시 동구 수정동 1011-851 ,
일반음식점,잇팅푸드(Eating Food),"부산광역시 동구 초량로 80-1, 1층 (초량동)",부산광역시 동구 초량동 824-56 1층 ,
일반음식점,초량대패,"부산광역시 동구 초량중로 61-1, 1~2층 (초량동)","부산광역시 동구 초량동 417-5 1층일부, 2층전체 ",
일반음식점,양산도 현대백화점 부산점,"부산광역시 동구 범일로 125, 현대백화점 부산점 지상9층 (범일동)",부산광역시 동구 범일동 62-5 현대백화점 부산점 ,051-667-0934
일반음식점,대건명가돼지국밥,"부산광역시 동구 중앙대로 232, 1층 (초량동)",부산광역시 동구 초량동 1198-2 1층 ,051-442-1117
일반음식점,함지박아구찜,"부산광역시 동구 진성로9번길 62-5, 1층 (수정동)",부산광역시 동구 수정동 136-1 ,051-467-4403
일반음식점,하누소뒷고기(범일점),"부산광역시 동구 조방로49번길 9, 지상 1층 (범일동)",부산광역시 동구 범일동 830-255 ,
일반음식점,쉐 미얀마 레스토랑,"부산광역시 동구 중앙대로196번길 6-11, 지하1층 (초량동)",부산광역시 동구 초량동 1204-17 ,
일반음식점,옛날통닭,"부산광역시 동구 중앙대로221번길 14, 지상 1층 (초량동)",부산광역시 동구 초량동 389-1 ,051-468-3535
일반음식점,푸라닭 부산범일점,"부산광역시 동구 중앙대로 514, 지상1층 109호 (범일동, 한성기린프라자)",부산광역시 동구 범일동 62-720 한성기린프라자 ,051-636-9206
일반음식점,수정루,"부산광역시 동구 수정로 41, 1층 (수정동)",부산광역시 동구 수정동 872-13 ,
일반음식점,예도랑,"부산광역시 동구 홍곡로 50, 근린생활시설-3동 지상1층 304호 (초량동, 이편한세상부산항)",부산광역시 동구 초량동 1218 이편한세상부산항 근린생활시설-3 304호,
일반음식점,청년피자,"부산광역시 동구 고관로13번길 46, 삼화발딩 지상1층 (초량동)",부산광역시 동구 초량동 113-21 삼화발딩 ,051-466-9898
일반음식점,대게&천국,"부산광역시 동구 자성로 73, 지하1층 (범일동)",부산광역시 동구 범일동 330-157 ,
일반음식점,문명숙 한우곰탕,"부산광역시 동구 수정로 22-2, 지상1층 (수정동)",부산광역시 동구 수정동 844-119 ,051-464-3338
일반음식점,유가네닭갈비 부산역점,"부산광역시 동구 대영로243번길 103, 지상 1층 (초량동)",부산광역시 동구 초량동 486-1 ,
일반음식점,주식회사 라라프레쉬,"부산광역시 동구 고관로 90, 베스안하우스 3층 301호 (수정동)",부산광역시 동구 수정동 116-4 301호,051-441-1040
일반음식점,범일동 양푼이동태백반,"부산광역시 동구 부산진성공원로 1-6, 1층 (범일동)",부산광역시 동구 범일동 616-1 ,051-631-4613
일반음식점,백돈 부산 동구점,부산광역시 동구 홍곡로58번길 7 (수정동),부산광역시 동구 수정동 1028-20 ,
일반음식점,동근이숯불두마리치킨,"부산광역시 동구 진성로 78, 1층 (수정동)",부산광역시 동구 수정동 451-20 ,051-958-1199
일반음식점,가마치통닭(초량점),"부산광역시 동구 고관로29번길 55-1, 지상 1층 (초량동)",부산광역시 동구 초량동 637-4 ,051-441-8292
일반음식점,미조(맛을 만들다),"부산광역시 동구 홍곡로 50, 근린생활시설-1동 103일부호 (초량동, 이편한세상부산항)",부산광역시 동구 초량동 1218 이편한세상부산항 근린생활시설-1 103호일부 ,051-441-5835
일반음식점,유가네 닭갈비 범일역점,"부산광역시 동구 범일로 106-1, 2층 (범일동)",부산광역시 동구 범일동 833-25 ,051-633-7942
일반음식점,스팅프리커피웍스,"부산광역시 동구 중앙대로226번길 7-7, 1층 (초량동)",부산광역시 동구 초량동 1197-4 ,
일반음식점,즉석홍떡볶이,"부산광역시 동구 대영로239번길 26, 1층 (초량동)",부산광역시 동구 초량동 606-2 ,
일반음식점,오카뎅,"부산광역시 동구 중앙대로 169, 태영 노블리안 104호 (초량동)",부산광역시 동구 초량동 1210-6 태영 노블리안 104호,
일반음식점,초량낙지,"부산광역시 동구 고관로63번길 21, 1층 (수정동)",부산광역시 동구 수정동 1009-13 ,
일반음식점,치즈숲 화덕피자파스타,"부산광역시 동구 중앙대로180번길 12-4, 지상1층 (초량동)",부산광역시 동구 초량동 1212-22 ,
일반음식점,푸라닭 부산초량점,"부산광역시 동구 고관로29번길 12, 지상1층 (초량동)",부산광역시 동구 초량동 40-1 ,
일반음식점,돈누리,"부산광역시 동구 초량중로 104-1, 지상1층 (초량동)",부산광역시 동구 초량동 138-5 ,
일반음식점,식이네,"부산광역시 동구 중앙대로195번가길 15, 1층 (초량동)",부산광역시 동구 초량동 515-2 ,
일반음식점,서부 중국관,"부산광역시 동구 범일로102번길 15-1, 1층 (범일동)",부산광역시 동구 범일동 830-56 ,051-633-0303
일반음식점,자유관,"부산광역시 동구 중앙대로 324, 성운빌딩 지상2층 (초량동)",부산광역시 동구 초량동 1152-4 성운빌딩 ,051-463-3339
일반음식점,오복통닭,"부산광역시 동구 초량로 72-1, 지상1층 (초량동)",부산광역시 동구 초량동 824-54 ,051-441-0607
일반음식점,한림 양식당,"부산광역시 동구 초량로14번길 6-1, 1층 (초량동)",부산광역시 동구 초량동 179-1 ,
일반음식점,본죽&비빔밥cafe부산초량점,"부산광역시 동구 고관로 33, 1층 (초량동)",부산광역시 동구 초량동 42-18 ,
일반음식점,니시나리,"부산광역시 동구 초량로14번길 6-1, 3층 (초량동)",부산광역시 동구 초량동 179-1 ,
일반음식점,연남도시락,"부산광역시 동구 범곡북로14번길 21, 1층 (범일동)",부산광역시 동구 범일동 1485 ,
일반음식점,착한 닭강정,"부산광역시 동구 초량상로 144-1, 1층 (수정동)",부산광역시 동구 수정동 369-25 ,
일반음식점,맨즈,"부산광역시 동구 범일로89번길 26, 지하1층 (범일동)",부산광역시 동구 범일동 927-1 ,051-633-6001
일반음식점,토나리 커넥트현대 부산,"부산광역시 동구 범일로 125, 현대백화점 부산점 9층 (범일동)",부산광역시 동구 범일동 62-5 현대백화점 부산점 ,
일반음식점,두마리찜닭 두찜 부산수정점,"부산광역시 동구 망양로668번길 28, 지하1층 18463호 (수정동, 덕림아파트)",부산광역시 동구 수정동 1048-4 덕림아파트 ,
일반음식점,수정키친,"부산광역시 동구 망양로668번길 28, 지하1층 (수정동, 덕림아파트)",부산광역시 동구 수정동 1048-4 덕림아파트 ,
일반음식점,청년다방 부산역점,"부산광역시 동구 초량중로 20-1, 1층 (초량동)",부산광역시 동구 초량동 597-29 ,
일반음식점,모녀부엌,"부산광역시 동구 홍곡로 6-1, 1층 (초량동)",부산광역시 동구 초량동 130-13 ,
일반음식점,원웨이 펍,"부산광역시 동구 중앙대로196번길 6-3, 지하1층 (초량동)",부산광역시 동구 초량동 1204-3 ,
일반음식점,어보 범일점,"부산광역시 동구 범일로 125, 현대백화점 부산점 9층 (범일동)",부산광역시 동구 범일동 62-5 현대백화점 부산점 ,051-667-0955
일반음식점,4이얼즈어파트,"부산광역시 동구 중앙대로 447-1, 1~3층 (좌천동)",부산광역시 동구 좌천동 524-3 ,
일반음식점,세현수산,"부산광역시 동구 범일로102번길 16-6, 1층 (범일동)",부산광역시 동구 범일동 830-258 ,
일반음식점,엔티엠(NTM),"부산광역시 동구 자성로133번길 6, 104동 1층 2102호 (범일동, 진흥 마제스타워 범일)",부산광역시 동구 범일동 830-296 진흥 마제스타워 범일 ,
일반음식점,하이디라오 훠궈 부산역점,"부산광역시 동구 중앙대로 175, 1~3층 (초량동)",부산광역시 동구 초량동 1210-5 VIPS 부산역점 ,
일반음식점,띠뚱 전골,"부산광역시 동구 고관로 136, 1층 (수정동)",부산광역시 동구 수정동 221-7 ,
일반음식점,국제통닭(초량점),"부산광역시 동구 고관로 48, 신화하니엘 더시티 주건축물제1동 1층 101호 (초량동)",부산광역시 동구 초량동 1145-9 신화하니엘 더시티 주건축물제1동 ,
일반음식점,마부 마라탕,"부산광역시 동구 대영로243번길 31, 1층 (초량동)",부산광역시 동구 초량동 610-2 ,051-4678-805
일반음식점,굽네치킨 부산범일점,"부산광역시 동구 중앙대로 514, 1층 103호 (범일동, 한성기린프라자)",부산광역시 동구 범일동 62-720 한성기린프라자 ,
일반음식점,승승집화로구이,"부산광역시 동구 조방로 19, 1층 (범일동)",부산광역시 동구 범일동 830-276 ,051-632-6032
일반음식점,이바구토스트,"부산광역시 동구 중앙대로231번길 41, 1층 (초량동)",부산광역시 동구 초량동 294-4 ,
일반음식점,오뚝이국수,"부산광역시 동구 정공단로 11, 지하1층 (좌천동)",부산광역시 동구 좌천동 535-13 ,051-646-7318
일반음식점,BSB식당,"부산광역시 동구 중앙대로180번길 12-9, 1층 (초량동)",부산광역시 동구 초량동 1213-7 ,
일반음식점,배가왕,"부산광역시 동구 조방로 14, 동일타워 207호 (범일동)",부산광역시 동구 범일동 830-140 동일타워 ,
일반음식점,해풍 횟집,"부산광역시 동구 진성로9번길 62, 1층 (수정동)",부산광역시 동구 수정동 153 ,
일반음식점,옥희네국집,부산광역시 동구 초량로13번길 28 (초량동),부산광역시 동구 초량동 312-2 ,
일반음식점,목구멍초량점,"부산광역시 동구 초량중로 105-2, 1층 (초량동)",부산광역시 동구 초량동 106-28 ,
일반음식점,하운드호텔 부산역점,"부산광역시 동구 중앙대로236번길 9, 하운드호텔 11층 (초량동)",부산광역시 동구 초량동 1195-12 하운드호텔 ,051-464-2000
일반음식점,미소,"부산광역시 동구 홍곡로 7-1, 1층 (초량동)",부산광역시 동구 초량동 667-2 ,
일반음식점,달빛상회,"부산광역시 동구 중앙대로 357, 301동 111호 (수정동, 협성휴포레·부산진역 오션뷰)",부산광역시 동구 수정동 1352 협성휴포레·부산진역 오션뷰 ,
일반음식점,레노비(renover),"부산광역시 동구 고관로53번길 7, 1~2층 (수정동)",부산광역시 동구 수정동 358-17 ,
일반음식점,달리퐁카페,"부산광역시 동구 홍곡로 68, 2층 202호 (수정동, 베스안하우스 2차)",부산광역시 동구 수정동 1014-8 베스안하우스 2차 ,
일반음식점,달이 뜬다,"부산광역시 동구 성북로 60, 2층 (범일동)",부산광역시 동구 범일동 1430-24 ,
일반음식점,에바돈가츠,"부산광역시 동구 홍곡로 37, 상가동 103호 (초량동)",부산광역시 동구 초량동 635-3 ,
일반음식점,참치 원장,"부산광역시 동구 고관로 106, 1층 61호 (수정동, 수정상가아파트)",부산광역시 동구 수정동 170-1 수정상가아파트 ,
일반음식점,마왕족발 초량점,"부산광역시 동구 홍곡로 37, 상가동 1층 102호 (초량동)",부산광역시 동구 초량동 635-3 ,
일반음식점,명가 감자탕,"부산광역시 동구 수정로 10-3, 1층 (수정동)",부산광역시 동구 수정동 135-3 ,051-466-0033
일반음식점,디구앙(Digoin),"부산광역시 동구 초량상로 120-1, 1~2층 (초량동)",부산광역시 동구 초량동 98-5 ,
일반음식점,흥부자네식당,"부산광역시 동구 망양로 877-1, 1층 (범일동)",부산광역시 동구 범일동 1435-521 ,051-634-0029
일반음식점,본죽&비빔밥 부산범일점,"부산광역시 동구 조방로 14, 동일타워 1층 판매-2 104호 (범일동)",부산광역시 동구 범일동 830-140 동일타워 ,
일반음식점,콘티넨탈,"부산광역시 동구 망양로 705, 1층 (수정동)",부산광역시 동구 수정동 1161-1 ,
일반음식점,족발이다 부산동구점,"부산광역시 동구 초량로 49, 1층 (초량동)",부산광역시 동구 초량동 811-43 ,
일반음식점,상상짬뽕,"부산광역시 동구 중앙대로196번길 6-13, 1층 (초량동)",부산광역시 동구 초량동 1204-10 ,
일반음식점,정직유부 범일점,"부산광역시 동구 조방로 14, 동일타워 1층 판매2-108호 (범일동)",부산광역시 동구 범일동 830-140 동일타워 ,
일반음식점,홀릭3,"부산광역시 동구 부산진성공원로3번길 14, 1층 (범일동)",부산광역시 동구 범일동 618-7 ,
일반음식점,아빠의손맛,"부산광역시 동구 홍곡로 50, 213호 (초량동, e편한세상 부산항)",부산광역시 동구 초량동 1218 e편한세상 부산항 ,
일반음식점,범일냉삼,"부산광역시 동구 범일일길 8-1, 1층 (범일동)",부산광역시 동구 범일동 653-19 ,
일반음식점,지코바 양념치킨,"부산광역시 동구 수정중로 9, 1층 (수정동)",부산광역시 동구 수정동 858-7 ,051-467-9992
일반음식점,가마치통닭 부산진역점,"부산광역시 동구 중앙대로371번길 12, 조광빌딩 1층 (수정동)",부산광역시 동구 수정동 1-131 조광빌딩 ,
일반음식점,스지골,부산광역시 동구 초량로 22 (초량동),부산광역시 동구 초량동 144-18 ,
일반음식점,꼬들대패 초량점,"부산광역시 동구 초량상로 123, 1층 (초량동)",부산광역시 동구 초량동 100-10 ,
일반음식점,본 설렁탕 부산 범일점,"부산광역시 동구 조방로 14, 동일타워 2층 204호 (범일동)",부산광역시 동구 범일동 830-140 동일타워 ,051-635-2320
일반음식점,두꺼비오뎅 초량점,"부산광역시 동구 중앙대로251번길 28, 1층 (초량동)",부산광역시 동구 초량동 143-14 ,
일반음식점,준필엠제이에이(JunPhilMJA),"부산광역시 동구 중앙대로209번길 2, B동 1층 (초량동)",부산광역시 동구 초량동 1207-8 ,
일반음식점,마마초밥 초량점,"부산광역시 동구 초량중로 114, 104동 지하1층 B129호 (초량동, 범양레우스 센트럴베이)",부산광역시 동구 초량동 1226 범양레우스 센트럴베이 ,051-462-3112
일반음식점,호맥 수정점,"부산광역시 동구 수정로 8, 1층 (수정동)",부산광역시 동구 수정동 139-3 ,
일반음식점,도담샤브 현대백화점 부산점,"부산광역시 동구 범일로 125, 현대백화점 부산점 9층 (범일동)",부산광역시 동구 범일동 62-5 현대백화점 부산점 ,051-667-0938
일반음식점,닭치고낙곱새 부산수정직영점,"부산광역시 동구 고관로 140-18, 1층 (수정동)",부산광역시 동구 수정동 227-20 ,
일반음식점,완식,"부산광역시 동구 부산진성공원로3번길 11-2, 1층 (범일동)",부산광역시 동구 범일동 619-3 ,
일반음식점,60계치킨 부산초량점,부산광역시 동구 고관로29번길 51-1 (초량동),부산광역시 동구 초량동 638-14 ,051-465-3802
일반음식점,증산오리불고기,"부산광역시 동구 성북로 35, 1층 (좌천동)",부산광역시 동구 좌천동 900-3 ,051-633-3377
일반음식점,처갓집 양념치킨 부산역점,부산광역시 동구 초량로 46-2 (초량동),부산광역시 동구 초량동 811-74 ,051-442-7922
일반음식점,동일한우국밥,"부산광역시 동구 조방로 14, 동일타워 판매2-212호 (범일동)",부산광역시 동구 범일동 830-140 동일타워 ,
일반음식점,진주비빔밥,"부산광역시 동구 중앙대로371번길 50, 2층 (수정동)",부산광역시 동구 수정동 248-3 ,
일반음식점,B.R.K C&B(비알캐이씨앤비),"부산광역시 동구 범일로102번길 14, 4층 (범일동)",부산광역시 동구 범일동 830-27 ,
일반음식점,술술술,"부산광역시 동구 범일로 98, 1층 (범일동)",부산광역시 동구 범일동 832-4 ,
일반음식점,잭팟,"부산광역시 동구 고관로29번길 55, 2층 (초량동)",부산광역시 동구 초량동 637-16 ,
일반음식점,아진,"부산광역시 동구 조방로38번길 5, 1층 (범일동)",부산광역시 동구 범일동 830-164 ,
일반음식점,홍성방 T&D,"부산광역시 동구 대영로239번길 26, B동 1층 (초량동)",부산광역시 동구 초량동 606-2 ,
일반음식점,명란브랜드연구소/명란카페테리아,부산광역시 동구 영초윗길 22-1 (초량동),부산광역시 동구 초량동 994-351 ,051-440-4813
일반음식점,으니네,"부산광역시 동구 중앙대로209번길 2, 1층 (초량동)",부산광역시 동구 초량동 1207-8 ,
일반음식점,정옥당,"부산광역시 동구 고관로 90-1, 1층 (수정동)",부산광역시 동구 수정동 116-8 ,
일반음식점,한점초밥,"부산광역시 동구 중앙대로296번길 3-2, 1층 (초량동)",부산광역시 동구 초량동 1159-10 ,
일반음식점,일미칼국수,"부산광역시 동구 홍곡로 67, 가동 1층 102호 (수정동, 동남아파트)",부산광역시 동구 수정동 1011-51 동남아파트 ,
일반음식점,BBQ 부산범일,"부산광역시 동구 범곡북로 15, 1층 101호 (범일동, 범일동 서면 영동리원)",부산광역시 동구 범일동 1307-14 범일동 서면 영동리원 ,
일반음식점,백채김치찌개 부산초량점,"부산광역시 동구 초량로 37, 1층 (초량동)",부산광역시 동구 초량동 281-17 ,
일반음식점,카페멜로우,"부산광역시 동구 부산진성공원로 23-3, 1층 (범일동)",부산광역시 동구 범일동 570-39 ,
일반음식점,고피자,"부산광역시 동구 범일로90번길 17, 1층 105호 (범일동, 범일동 삼정그린코아 더시티)",부산광역시 동구 범일동 830-62 범일동 삼정그린코아 더시티 ,
일반음식점,자담치킨 초량점,"부산광역시 동구 초량상로 144-1, 1층 (수정동)",부산광역시 동구 수정동 369-25 ,051-467-9282
일반음식점,코구 마루,"부산광역시 동구 조방로 14, 동일타워 1층 판매2-129호 (범일동)",부산광역시 동구 범일동 830-140 동일타워 ,
일반음식점,피그보스,"부산광역시 동구 고관로 11-2, 2층 (초량동)",부산광역시 동구 초량동 46-26 ,
일반음식점,대통보쌈 모밀,"부산광역시 동구 진성로9번길 34, 1층 (수정동)",부산광역시 동구 수정동 189-26 1층일부 ,
일반음식점,쌀집,"부산광역시 동구 망양로 687, 1층 (수정동)",부산광역시 동구 수정동 1172-1 ,
일반음식점,시티 레스토랑(CITY RESTAURANT),"부산광역시 동구 중앙대로 294, 시티호텔 2층 (초량동)",부산광역시 동구 초량동 1163-2 시티호텔 ,051-467-7700
일반음식점,온즈베이크(Onz Bake),"부산광역시 동구 중앙대로274번길 3-7, 1층 (초량동)",부산광역시 동구 초량동 1164-4 ,
일반음식점,진푸드,"부산광역시 동구 고관로 106, 1층 129호 (수정동, 수정상가아파트)",부산광역시 동구 수정동 170-1 수정상가아파트 ,
일반음식점,채선당도시락샐러드밀키트24 부산초량점,"부산광역시 동구 고관로 40, 지하2층 202호 (초량동)",부산광역시 동구 초량동 1146-2 ,
일반음식점,타코비 초량점,"부산광역시 동구 초량로 21, 1층 (초량동)",부산광역시 동구 초량동 197-24 ,051-442-5521
일반음식점,히스피,"부산광역시 동구 초량로14번길 4-1, 1,2,3층 (초량동)",부산광역시 동구 초량동 174-21 ,
일반음식점,복순도가,"부산광역시 동구 중앙대로 206, 한국철도공사부산지역본부 2층 (초량동)",부산광역시 동구 초량동 1187-1 한국철도공사부산지역본부 ,
일반음식점,푸리타,"부산광역시 동구 망양로486번길 6, 1층 (초량동)",부산광역시 동구 초량동 872-5 ,
일반음식점,동구야포차,"부산광역시 동구 진성로9번길 9-3, 1층 (수정동)",부산광역시 동구 수정동 1-183 ,
일반음식점,길음칠,"부산광역시 동구 초량상로 81-2, 1층 (초량동)",부산광역시 동구 초량동 287-18 ,
일반음식점,소문난손칼국수,"부산광역시 동구 중앙대로389번길 16, 1층 (수정동)",부산광역시 동구 수정동 228-14 ,051-468-2632
일반음식점,창고,"부산광역시 동구 중앙대로221번길 8, 3층 (초량동)",부산광역시 동구 초량동 383-1 ,
일반음식점,토지골목식당,"부산광역시 동구 중앙대로236번길 8, 1층 (초량동)",부산광역시 동구 초량동 1197-1 ,
일반음식점,소담,"부산광역시 동구 중앙대로180번길 9, 1층 (초량동)",부산광역시 동구 초량동 1204-13 ,
일반음식점,독도&호프,"부산광역시 동구 초량중로 73, 2층 (초량동)",부산광역시 동구 초량동 297-3 ,
일반음식점,오프루틴(OFF ROUTINE),"부산광역시 동구 망양로590번길 3, 2층 (초량동)",부산광역시 동구 초량동 794-355 ,
일반음식점,주식회사큰집기장멸치국수 범일점,"부산광역시 동구 자성로133번길 49, 1층 (범일동)",부산광역시 동구 범일동 830-150 ,
일반음식점,바나나(banana),"부산광역시 동구 범일로90번길 12-1, 2층 (범일동)",부산광역시 동구 범일동 573-1 ,
일반음식점,경북산꼼장어 2호점,"부산광역시 동구 초량로 25, 1층 (초량동)",부산광역시 동구 초량동 275 ,
일반음식점,가히,"부산광역시 동구 중앙대로196번길 12-3, 1층 (초량동)",부산광역시 동구 초량동 1203-2 ,051-462-8877
일반음식점,알콜카페,"부산광역시 동구 중앙대로251번길 32, 1층 (초량동)",부산광역시 동구 초량동 146-6 ,
일반음식점,순수김밥&국시,"부산광역시 동구 초량상로 144, 1층 (수정동)",부산광역시 동구 수정동 369-26 ,
일반음식점,이층집,"부산광역시 동구 초량로 25, 2층 (초량동)",부산광역시 동구 초량동 275 ,
일반음식점,교촌치킨(수정1호점),"부산광역시 동구 수정로 20-2, 1층 (수정동)",부산광역시 동구 수정동 844-25 ,051-469-8880
일반음식점,일미아구찜,"부산광역시 동구 망양로 618-1, 2층 (초량동)",부산광역시 동구 초량동 754-117 ,051-462-2154
일반음식점,행복한 밥상,"부산광역시 동구 망양로 686-1, B동 1층 (수정동)",부산광역시 동구 수정동 1011-807 ,
일반음식점,원조통채돼지국밥,"부산광역시 동구 범상로 39, 1층 (범일동)",부산광역시 동구 범일동 1522-278 ,051-637-0481
일반음식점,엄마카세 전집 별관,"부산광역시 동구 범곡북로 1-4, A동 1층 (범일동)",부산광역시 동구 범일동 44-1 ,
일반음식점,오페라 생선구이,"부산광역시 동구 충장대로 160, 협성마리나G7 A동 2층 214호 (초량동)",부산광역시 동구 초량동 1185-64 협성마리나G7 ,
일반음식점,통영식당,"부산광역시 동구 성남로 69, 1층 (좌천동)",부산광역시 동구 좌천동 68-569 ,051-637-1203
일반음식점,도깨비,"부산광역시 동구 중앙대로 542, 2층 (범일동)",부산광역시 동구 범일동 62-728 ,
일반음식점,오소해장,"부산광역시 동구 초량상로 86, 1층 (초량동)",부산광역시 동구 초량동 287-1 ,
일반음식점,포동충무김밥,"부산광역시 동구 초량로 76, 1층 (초량동)",부산광역시 동구 초량동 824-68 ,
일반음식점,불고기맛집,"부산광역시 동구 중앙대로286번길 3-7, 1층 (초량동)",부산광역시 동구 초량동 1163-5 ,051-631-0022
일반음식점,티카페산들산들,"부산광역시 동구 중앙대로371번길 6, 2층 (수정동)",부산광역시 동구 수정동 1-116 ,051-464-5882
일반음식점,김복남맥주 범일점,"부산광역시 동구 범일로102번길 15, 1층 (범일동)",부산광역시 동구 범일동 830-239 ,
일반음식점,비비큐 부산동구청점,"부산광역시 동구 수정중로 14, 1층 (수정동)",부산광역시 동구 수정동 800-16 ,
일반음식점,소반,"부산광역시 동구 충장대로 160, 협성마리나G7 A동 108~110호 (초량동)",부산광역시 동구 초량동 1185-64 협성마리나G7 ,051-468-0100
일반음식점,두놈닭칼국수,"부산광역시 동구 중앙대로 381, B동 1층 (수정동)",부산광역시 동구 수정동 1-110 ,
일반음식점,크라운호프 부산초량점,"부산광역시 동구 중앙대로 288, 홍인빌딩 2층 202호 (초량동)",부산광역시 동구 초량동 1163-10 홍인빌딩 ,051-467-0708
일반음식점,동백국수집,"부산광역시 동구 홍곡남로18번길 14, 1층 (수정동)",부산광역시 동구 수정동 1043-35 ,
일반음식점,조선화로집,"부산광역시 동구 초량로 33, 1층 (초량동)",부산광역시 동구 초량동 280 ,051-467-3392
일반음식점,기요항 부산역점,"부산광역시 동구 중앙대로214번길 7-7, 1층 (초량동)",부산광역시 동구 초량동 1200-14 ,
일반음식점,노블레스 범일점,"부산광역시 동구 조방로49번길 16-1, 2층 (범일동)",부산광역시 동구 범일동 833-35 ,
일반음식점,파파스,"부산광역시 동구 중동길 57, 1층 (초량동)",부산광역시 동구 초량동 602-12 ,
일반음식점,나다(NaDa),,부산광역시 동구 범일동 1411-10 ,
일반음식점,미진축산 부산역점,"부산광역시 동구 중앙대로214번길 3-4, 근명빌딩 2층 (초량동)",부산광역시 동구 초량동 1200-8 근명빌딩 ,
일반음식점,1988라운지,"부산광역시 동구 범일일길 10, 1층 (범일동)",부산광역시 동구 범일동 653-17 ,
일반음식점,정성식품,"부산광역시 동구 중앙대로371번길 43, 1층 (수정동)",부산광역시 동구 수정동 248-59 ,
일반음식점,호맥 초량점,"부산광역시 동구 초량로 15-6, 1층 (초량동)",부산광역시 동구 초량동 197-27 ,
일반음식점,인생마라,"부산광역시 동구 고관로 119-4, 1층 (수정동)",부산광역시 동구 수정동 248-15 ,
일반음식점,동미락 도시락,"부산광역시 동구 홍곡로 28, 1층 (초량동)",부산광역시 동구 초량동 647-17 ,051-462-1466
일반음식점,푸줏간 고기도시락 동구수정점,"부산광역시 동구 고관로 119-4, 2층 (수정동)",부산광역시 동구 수정동 248-15 ,
일반음식점,덮덮밥 초량점,"부산광역시 동구 고관로 39, 2층 (수정동)",부산광역시 동구 수정동 397-35 ,
일반음식점,영주복국,"부산광역시 동구 중앙대로180번길 12-7, 1층 (초량동)",부산광역시 동구 초량동 1213-4 ,
일반음식점,동주방,"부산광역시 동구 중앙대로241번길 3, 1층 (초량동)",부산광역시 동구 초량동 174-40 ,
일반음식점,배가네,"부산광역시 동구 중앙대로221번길 25, 1층 (초량동)",부산광역시 동구 초량동 410-3 ,051-711-5393
일반음식점,범아당 초량점,"부산광역시 동구 초량상로 105, 1층 (초량동)",부산광역시 동구 초량동 110-14 ,
일반음식점,행복포차,"부산광역시 동구 진성로 10-3, 1층 (수정동)",부산광역시 동구 수정동 224 ,051-467-9233
일반음식점,카페블룸,"부산광역시 동구 중앙대로371번길 75, 1층 (수정동)",부산광역시 동구 수정동 553-18 ,
일반음식점,현풍닭칼국수 부산역점,"부산광역시 동구 중앙대로 234, 1층 (초량동)",부산광역시 동구 초량동 1198-5 ,051-467-7000
일반음식점,사유공간,"부산광역시 동구 중앙대로180번길 12-7, 4층 (초량동)",부산광역시 동구 초량동 1213-4 ,
일반음식점,후라이드참잘하는집,"부산광역시 동구 홍곡로 50, 근린생활시설-2동 1층 204호 (초량동, e편한세상 부산항)",부산광역시 동구 초량동 1218 e편한세상 부산항 ,
일반음식점,클로즈(close),"부산광역시 동구 범일로102번길 20-6, 1층 (범일동)",부산광역시 동구 범일동 830-271 ,
일반음식점,밥풀릭스,"부산광역시 동구 수정중로 9, 1층 (수정동)",부산광역시 동구 수정동 858-7 ,
일반음식점,술퍼맨,"부산광역시 동구 초량상로 90, 2층 (초량동)",부산광역시 동구 초량동 283-12 ,
일반음식점,고관로우동,"부산광역시 동구 고관로13번길 3, 1층 (초량동)",부산광역시 동구 초량동 46-6 ,
일반음식점,애프터투모로우125부스(AFTERTOMORROW 125bus),"부산광역시 동구 대영로243번길 79-1, 1층 (초량동)",부산광역시 동구 초량동 496-3 ,
일반음식점,경순분식,"부산광역시 동구 범곡북로3번길 7-3, 외 1(범곡북로3번길 7) 1층 (범일동)",부산광역시 동구 범일동 44-10 외 1필지(범일동 44-11) ,
일반음식점,조방설렁탕,"부산광역시 동구 자성로133번길 31, 103,104호 (범일동)",부산광역시 동구 범일동 830-130 신일빌딩 ,051-633-8777
일반음식점,이비가짬뽕 부산범일동점,"부산광역시 동구 자성로133번길 31, 신일빌딩 1층 101호 (범일동)",부산광역시 동구 범일동 830-130 신일빌딩 ,
일반음식점,문토스트 부산역점,"부산광역시 동구 중앙대로286번길 3-2, 1층 (초량동)",부산광역시 동구 초량동 1162-35 ,051-467-7760
일반음식점,2에프(2F),"부산광역시 동구 조방로 33, 2층 (범일동)",부산광역시 동구 범일동 830-54 ,
일반음식점,욱이 국밥,"부산광역시 동구 중앙대로286번길 3-7, 1층 (초량동)",부산광역시 동구 초량동 1163-5 ,
일반음식점,원카츠 부산진역점,"부산광역시 동구 중앙대로 357, 301동 102~103호 (수정동, 협성휴포레·부산진역 오션뷰)",부산광역시 동구 수정동 1352 협성휴포레·부산진역 오션뷰 ,051-442-2245
일반음식점,명동찌개마을 범일점,"부산광역시 동구 자성로133번길 31, 1층 106 일부호 (범일동)",부산광역시 동구 범일동 830-130 슈랜드빌딩 ,
일반음식점,모던오뎅,"부산광역시 동구 범일로90번길 17, 1층 112호 (범일동, 범일동 삼정그린코아 더시티)",부산광역시 동구 범일동 830-62 범일동 삼정그린코아 더시티 ,
일반음식점,1984이바구밀면,"부산광역시 동구 중앙대로209번길 2, A동 1층 (초량동)",부산광역시 동구 초량동 1207-8 ,051-466-0077
일반음식점,빌드플로우,"부산광역시 동구 범일로90번길 17, 1층 117호 (범일동, 범일동 삼정그린코아 더시티)",부산광역시 동구 범일동 830-62 범일동 삼정그린코아 더시티 ,
일반음식점,연미가,"부산광역시 동구 자성로133번길 31, 1층 102호 (범일동)",부산광역시 동구 범일동 830-130 슈랜드빌딩 ,
일반음식점,동북완탕교자관,"부산광역시 동구 중앙대로296번길 11, 1층 101,102호 (초량동, 장원하이드파크)",부산광역시 동구 초량동 1160-11 장원하이드파크 ,
일반음식점,동구김밥,"부산광역시 동구 정공단로 49, 1층 (범일동)",부산광역시 동구 범일동 147-1 ,
일반음식점,기운센 갈비탕 부산진역점,"부산광역시 동구 고관로 111, 1층 (수정동)",부산광역시 동구 수정동 273 ,
일반음식점,울엄마맛집,"부산광역시 동구 범상로 6, 1층 (범일동)",부산광역시 동구 범일동 1438-143 ,
일반음식점,온주담,"부산광역시 동구 부산진성공원로 30-1, 2층 (범일동)",부산광역시 동구 범일동 829-2 ,
일반음식점,슬라이스잇 주식회사,"부산광역시 동구 범곡북로 22-1, 1층 (범일동)",부산광역시 동구 범일동 1308-23 ,
일반음식점,수정돼지고기,"부산광역시 동구 중앙대로251번길 48-2, 2층 (초량동)",부산광역시 동구 초량동 133-5 ,
일반음식점,먹거리,"부산광역시 동구 충장대로 206, 부산항 국제여객터미널 3층 (초량동)",부산광역시 동구 초량동 45-39 부산항 국제여객터미널 ,
일반음식점,인쌩맥주 부산초량점,"부산광역시 동구 초량로 22, 1층 (초량동)",부산광역시 동구 초량동 144-18 ,
일반음식점,생활맥주 초량점,"부산광역시 동구 중앙대로251번길 48, 1층 (초량동)",부산광역시 동구 초량동 134-21 ,
일반음식점,프랭크버거 부산초량점,"부산광역시 동구 중앙대로 284, 1층 (초량동)",부산광역시 동구 초량동 1164-2 ,
일반음식점,꽃보다 맛집,"부산광역시 동구 중앙대로260번길 3-7, 1층 101호 (초량동)",부산광역시 동구 초량동 1169-8 ,
일반음식점,증산로179,"부산광역시 동구 증산로 179, 1층 (범일동)",부산광역시 동구 범일동 1422-38 ,
일반음식점,행쓰,"부산광역시 동구 조방로49번길 28, 2층 (범일동)",부산광역시 동구 범일동 830-36 ,
일반음식점,아스티,"부산광역시 동구 중앙대로209번길 15, 2층 (초량동)",부산광역시 동구 초량동 465-9 ,
일반음식점,이 집 고기,"부산광역시 동구 고관로 138, 1층 (수정동)",부산광역시 동구 수정동 227-67 ,
일반음식점,분식당,"부산광역시 동구 중앙대로 192, 한국교직원공제회 부산회관 1층 (초량동)",부산광역시 동구 초량동 1205-1 한국교직원공제회 부산회관 ,
일반음식점,오피스 카페,"부산광역시 동구 중앙대로 234, 1층 (초량동)",부산광역시 동구 초량동 1198-5 ,
일반음식점,김종구식맛치킨 초량점,"부산광역시 동구 고관로29번길 30, 1층 (초량동)",부산광역시 동구 초량동 91-1 ,
일반음식점,이재모피자 부산역점A,"부산광역시 동구 중앙대로 197, 2층 (초량동)",부산광역시 동구 초량동 1208-18 ,051-255-9494
일반음식점,이재모피자 부산역점,"부산광역시 동구 중앙대로 197, 2층 (초량동)",부산광역시 동구 초량동 1208-31 ,051-255-9494
일반음식점,민스(Min's),"부산광역시 동구 범일로 21, 단지내 상가동 1층 107호 (범일동, 두산위브더제니스하버시티)",부산광역시 동구 범일동 0 두산위브더제니스하버시티 ,
일반음식점,758버거(burger) 초량점,"부산광역시 동구 초량중로 114, 104동 B130호 (초량동, 범양레우스 센트럴베이)",부산광역시 동구 초량동 1226 범양레우스 센트럴베이 ,
일반음식점,장만옥,"부산광역시 동구 대영로243번길 23, 1층 (초량동)",부산광역시 동구 초량동 607-1 ,
일반음식점,렌,"부산광역시 동구 중앙대로231번길 52, 1층 (초량동)",부산광역시 동구 초량동 296-17 ,
일반음식점,비킹후스,"부산광역시 동구 중앙대로196번길 10, 부산역라마다앙코르호텔 201호 (초량동)",부산광역시 동구 초량동 1204-1 부산역라마다앙코르호텔 ,051-412-5468
일반음식점,파니니 수정점,"부산광역시 동구 수정공원로 72, 1~2층 (수정동)",부산광역시 동구 수정동 707-111 ,
일반음식점,왓더버거 부산역점,"부산광역시 동구 중앙대로196번길 6-5, 1층 (초량동)",부산광역시 동구 초량동 1204-4 ,051-469-4910
일반음식점,고마워,"부산광역시 동구 부산진성공원로 30-1, 1층 (범일동)",부산광역시 동구 범일동 829-2 ,
일반음식점,밀라나,"부산광역시 동구 영초길 148, 1층 (초량동)",부산광역시 동구 초량동 1064-63 ,
일반음식점,히얼이즈커피 하버시티점,"부산광역시 동구 범일로 21, 단지내 상가동 1층 110호 (범일동, 두산위브더제니스하버시티)",부산광역시 동구 범일동 0 두산위브더제니스하버시티 ,
일반음식점,김복남맥주 부산하버시티점,"부산광역시 동구 범일로 21, 단지내 상가동 1층 103호 (범일동, 두산위브더제니스하버시티)",부산광역시 동구 범일동 0 두산위브더제니스하버시티 ,
일반음식점,고관양식당,"부산광역시 동구 고관로 86, 1층 101호 (수정동, 센텀동원아파트)",부산광역시 동구 수정동 101-6 센텀동원아파트 ,
일반음식점,포춘,"부산광역시 동구 초량로 19-1, 2층 (초량동)",부산광역시 동구 초량동 197-25 ,
일반음식점,타코정&카페,"부산광역시 동구 초량로 44-1, 1층 (초량동)",부산광역시 동구 초량동 811-61 ,
일반음식점,삼거리고기집,"부산광역시 동구 범내로 40-1, 2층 (범일동)",부산광역시 동구 범일동 1508-74 ,051-633-9663
일반음식점,오빠고깃간,"부산광역시 동구 홍곡로 50, 근린생활시설-2동 201호 (초량동, e편한세상 부산항)",부산광역시 동구 초량동 1218 e편한세상 부산항 ,051-441-5892
일반음식점,아브니르(Avenir) 쟈뎅 드 로즈(Jardin De Rose),"부산광역시 동구 증산로 40, 아브니르(Avenir) 지하1~지상1층 (좌천동)",부산광역시 동구 좌천동 838-2 아브니르(Avenir) ,
일반음식점,성해물순두부,"부산광역시 동구 중앙대로371번길 46, 유진빌딩 1층 (수정동)",부산광역시 동구 수정동 248-58 유진빌딩 ,
일반음식점,고향소갈비찜 자유시장점,"부산광역시 동구 조방로 33, 1층 (범일동)",부산광역시 동구 범일동 830-54 ,051-638-4916
일반음식점,명가할머니양꼬치&샤브샤브 무한리필,"부산광역시 동구 중앙대로 183, 2층 (초량동)",부산광역시 동구 초량동 1209-6 ,
일반음식점,벙커(BUNKER),"부산광역시 동구 조방로 35, 지하1층 (범일동)",부산광역시 동구 범일동 830-53 ,
일반음식점,야키토리 초량,"부산광역시 동구 홍곡로 6-2, 1층 (초량동)",부산광역시 동구 초량동 129-20 ,
일반음식점,새벽집국밥국수,"부산광역시 동구 중앙대로 206, 한국철도공사부산지역본부 1층 (초량동)",부산광역시 동구 초량동 1187-1 한국철도공사부산지역본부 ,051-260-8913
일반음식점,산복도로 호프,"부산광역시 동구 망양로 791, 2층 (수정동)",부산광역시 동구 수정동 579-25 ,
일반음식점,트로피,"부산광역시 동구 자성로 119, 2층 (범일동)",부산광역시 동구 범일동 829-10 ,
일반음식점,로한커피,"부산광역시 동구 초량로13번길 29-3, 1층 (초량동)",부산광역시 동구 초량동 323-1 모텔 에로스 ,
일반음식점,BBQ 영주점,"부산광역시 동구 초량중로 22, 1층 (초량동)",부산광역시 동구 초량동 597-13 ,051-945-3111
일반음식점,동방축산 범일점,"부산광역시 동구 범일로90번길 9, 1층 (범일동)",부산광역시 동구 범일동 830-218 ,051-634-7772
일반음식점,벌교식당,"부산광역시 동구 초량로13번길 22, 1층 (초량동)",부산광역시 동구 초량동 215-4 ,
일반음식점,욱이수육,"부산광역시 동구 진성로9번길 58, 1층 (수정동)",부산광역시 동구 수정동 158 ,051-468-8157
일반음식점,두꺼비,"부산광역시 동구 조방로49번길 24, 1층 (범일동)",부산광역시 동구 범일동 830-32 ,
일반음식점,쿠사치,"부산광역시 동구 중앙대로251번길 22, 1층 (초량동)",부산광역시 동구 초량동 162-4 ,
일반음식점,칙바이칙 초량점,"부산광역시 동구 초량로16번길 6, 1층 (초량동)",부산광역시 동구 초량동 196-2 ,
일반음식점,1972년 초량묵집,"부산광역시 동구 초량상로65번길 45, 1층 (초량동)",부산광역시 동구 초량동 931-34 ,051-469-0238
일반음식점,수랏간닭강정,"부산광역시 동구 범일로 125, 현대백화점 부산점 지하2층 (범일동)",부산광역시 동구 범일동 62-5 현대백화점 부산점 ,
일반음식점,다꼬자,"부산광역시 동구 초량중로 82-1, 1층 (초량동)",부산광역시 동구 초량동 253-4 ,
일반음식점,피자나라치킨공주 부산수정점,"부산광역시 동구 수정동로 3-2, 1층 (수정동)",부산광역시 동구 수정동 811-38 ,
일반음식점,선미,"부산광역시 동구 중앙대로195번가길 47-4, 1층 (초량동)",부산광역시 동구 초량동 1016-1 ,
일반음식점,김종구식맛치킨전기바베큐옛날통닭 부산진역점,"부산광역시 동구 고관로 123, 1층 (수정동)",부산광역시 동구 수정동 244-1 ,
일반음식점,라면&김밥,"부산광역시 동구 범상로 7, 1층 (범일동)",부산광역시 동구 범일동 1438-116 ,
일반음식점,명성고깃집(부산진역점),"부산광역시 동구 진성로 11, 1층 (수정동)",부산광역시 동구 수정동 210-2 ,
일반음식점,모디라 키친,부산광역시 동구 범곡로 8-1 (범일동),부산광역시 동구 범일동 98-3 ,
일반음식점,황해통닭,"부산광역시 동구 망양로 845, 1층 (수정동)",부산광역시 동구 수정동 419-5 ,
일반음식점,고등어연구소,"부산광역시 동구 중앙대로 185, 102호 (초량동)",부산광역시 동구 초량동 1209-5 ,
일반음식점,싱싱횟집,"부산광역시 동구 수정동로 30-1, 1층 (수정동)",부산광역시 동구 수정동 545-1 ,051-466-1072
일반음식점,온리타코(ONLY TAKO),"부산광역시 동구 수정중로 32, 1층 (수정동)",부산광역시 동구 수정동 554-5 ,
일반음식점,국배달하는집 부산진역점,"부산광역시 동구 고관로 79, 2층 (수정동)",부산광역시 동구 수정동 327-8 ,
일반음식점,와우토핑김치찜,"부산광역시 동구 고관로 119-4, 2층 (수정동)",부산광역시 동구 수정동 248-15 ,
일반음식점,동백반,"부산광역시 동구 수정로 22, 1층 (수정동)",부산광역시 동구 수정동 844-112 ,
일반음식점,초량1993,"부산광역시 동구 중앙대로320번길 7-5, 1층 (초량동)",부산광역시 동구 초량동 1153-7 1층 ,
일반음식점,소담콩나물국밥,"부산광역시 동구 중앙대로399번길 17, 1층 (수정동)",부산광역시 동구 수정동 228-43 ,
일반음식점,김종구닭요리맛집 부산수정고관점,"부산광역시 동구 고관로 79, 1층 (수정동)",부산광역시 동구 수정동 327-8 1층 ,
일반음식점,우리할매충무김밥,"부산광역시 동구 수정로 19-2, 1층 (수정동)",부산광역시 동구 수정동 844-41 ,051-441-7576
일반음식점,고향 진 돼지국밥,"부산광역시 동구 진시장로 13, 부산진시장주차빌딩 5-1호 (범일동)",부산광역시 동구 범일동 644-10 부산진시장주차빌딩 ,
일반음식점,글로리 레스토랑,"부산광역시 동구 중앙대로179번길 9, 3층 (초량동)",부산광역시 동구 초량동 611 ,
일반음식점,한끼니쿠 초량점,"부산광역시 동구 초량상로 84, 1층 (초량동)",부산광역시 동구 초량동 287-10 1층 ,
일반음식점,코이시,"부산광역시 동구 초량로13번길 78, 1층 (초량동)",부산광역시 동구 초량동 512-2 ,
일반음식점,산청에서 온 딸기총각,"부산광역시 동구 자성로 102, 1,2층 (범일동)",부산광역시 동구 범일동 378-5 ,
일반음식점,춘리마라탕 초량점,"부산광역시 동구 초량로16번길 6, 2층 (초량동)",부산광역시 동구 초량동 196-2 ,
일반음식점,(주)에이치에스홀딩스,"부산광역시 동구 중앙대로286번길 9, 녹원빌딩 101호 (초량동)",부산광역시 동구 초량동 1161-9 ,
일반음식점,한식부페,"부산광역시 동구 구봉로 31, 1층 (초량동)",부산광역시 동구 초량동 771 ,
일반음식점,월남면반 부산역점,"부산광역시 동구 중앙대로226번길 3-2, 2층 (초량동)",부산광역시 동구 초량동 1197-6 ,
일반음식점,초량반점,"부산광역시 동구 중앙대로260번길 3-7, 1층 (초량동)",부산광역시 동구 초량동 1169-8 ,
일반음식점,타타에스프레소바,"부산광역시 동구 초량중로 39, 1층 (초량동)",부산광역시 동구 초량동 1053-3 ,
일반음식점,카츠키친,"부산광역시 동구 범일로 125, 현대백화점 부산점 지하 2층 (범일동)",부산광역시 동구 범일동 62-5 현대백화점 부산점 ,
일반음식점,페이퍼라운지커피 커넥트현대점,"부산광역시 동구 범일로 125, 현대백화점 부산점 4층 (범일동)",부산광역시 동구 범일동 62-5 현대백화점 부산점 ,
일반음식점,(주)브라더스스토어 단정 부산점,"부산광역시 동구 범일로 125, 현대백화점 부산점 지하2층 (범일동)",부산광역시 동구 범일동 62-5 현대백화점 부산점 ,
일반음식점,딤섬가이즈 커넥트현대 부산점,"부산광역시 동구 범일로 125, 커넥트현대 지하2층 (범일동)",부산광역시 동구 범일동 62-5 커넥트현대 ,
일반음식점,와우궁 양평해장국 부산본점,"부산광역시 동구 수정로 12, 1층 (수정동)",부산광역시 동구 수정동 127-5 ,
일반음식점,마유유 마라탕 커넥트현대부산점,"부산광역시 동구 범일로 125, 커넥트현대 지하2층 (범일동)",부산광역시 동구 범일동 62-5 커넥트현대 ,
일반음식점,백세면가 샤브 칼국수,"부산광역시 동구 중앙대로371번길 70, 1층 (수정동)",부산광역시 동구 수정동 550-14 ,051-465-2721
일반음식점,오포르투,"부산광역시 동구 초량중로21번길 5-2, 지하1층 (초량동)",부산광역시 동구 초량동 1057-30 ,
일반음식점,용나베,"부산광역시 동구 고관로 90, 203호 (수정동, 베스안오션뷰)",부산광역시 동구 수정동 116-4 베스안오션뷰 ,
일반음식점,칭위앤,"부산광역시 동구 조방로26번길 11, 동양오피스텔 1층 102호 (범일동)",부산광역시 동구 범일동 830-301 동양오피스텔 ,051-636-4576
일반음식점,장인염소탕,"부산광역시 동구 범일로 106-1, 1층 (범일동)",부산광역시 동구 범일동 833-25 ,
일반음식점,일도카레,"부산광역시 동구 중앙대로180번길 12-10, 1층 (초량동)",부산광역시 동구 초량동 1212-3 ,
일반음식점,차슐랭,"부산광역시 동구 중앙대로 249, 1층 (초량동)",부산광역시 동구 초량동 172-3 ,051-243-5011
일반음식점,가성비,부산광역시 동구 범상로 7 (범일동),부산광역시 동구 범일동 1438-116 ,
일반음식점,범상(BUMSANG),"부산광역시 동구 초량로16번길 6, 3층 (초량동)",부산광역시 동구 초량동 196-2 ,
일반음식점,술잔(SULJAN),"부산광역시 동구 초량로16번길 6, 4층 (초량동)",부산광역시 동구 초량동 196-2 ,
일반음식점,"해궁(낙지,한치)","부산광역시 동구 초량상로157번길 19, A동 1~2층 (수정동)",부산광역시 동구 수정동 1009-40 ,
일반음식점,해궁2,"부산광역시 동구 초량상로157번길 19, B동 1층 (수정동)",부산광역시 동구 수정동 1009-40 ,
일반음식점,소택,"부산광역시 동구 중앙대로180번길 6-5, 101호 (초량동)",부산광역시 동구 초량동 1212-15 ,
일반음식점,파티오,"부산광역시 동구 범일로90번길 16-5, 1~2층 (범일동)",부산광역시 동구 범일동 579-3 ,
일반음식점,임실N치즈화덕피자,"부산광역시 동구 중앙대로286번길 7-8, 1층 상가 110호 (초량동, 지원더뷰오션1차)",부산광역시 동구 초량동 1161-1 지원더뷰오션1차 ,
일반음식점,민들레식당,"부산광역시 동구 범상로 4, 1층 (범일동)",부산광역시 동구 범일동 1437-32 ,
일반음식점,청풍,"부산광역시 동구 초량상로157번길 5, 지상1층 (수정동)",부산광역시 동구 수정동 365-4 ,
일반음식점,153구포국수 부산역점,"부산광역시 동구 중앙대로 207-1, 1층 (초량동)",부산광역시 동구 초량동 1207-12 ,
일반음식점,하울(HOWL),"부산광역시 동구 범일로90번길 17, 116호 (범일동, 범일동 삼정그린코아 더시티)",부산광역시 동구 범일동 830-62 범일동 삼정그린코아 더시티 ,
일반음식점,시골추어탕,"부산광역시 동구 초량로13번길 27, 1층 (초량동)",부산광역시 동구 초량동 323-2 ,
일반음식점,언양 닭칼국수,"부산광역시 동구 고관로 128, 1층 (수정동)",부산광역시 동구 수정동 207-4 ,
일반음식점,맛냥시대,"부산광역시 동구 중앙대로371번길 40, 1층 (수정동)",부산광역시 동구 수정동 248-27 ,
일반음식점,어부,"부산광역시 동구 영초윗길 25, 이바구충전소 1~2층 (초량동)",부산광역시 동구 초량동 974-4 이바구충전소 ,
일반음식점,부산 범일 60계 치킨,"부산광역시 동구 범일로90번길 17, 1층 상가 107호 (범일동, 범일동 삼정그린코아 더시티)",부산광역시 동구 범일동 830-62 범일동 삼정그린코아 더시티 ,051-633-0047
일반음식점,다인,"부산광역시 동구 정공단로 52-2, 1층 (범일동)",부산광역시 동구 범일동 200-4 ,
일반음식점,샵,"부산광역시 동구 중앙대로 328, 금산빌딩 101호 (초량동)",부산광역시 동구 초량동 1152-1 금산빌딩 ,
일반음식점,초량 가야 밀면,"부산광역시 동구 초량로 21, 1층 (초량동)",부산광역시 동구 초량동 197-24 ,
일반음식점,삼삼수산,"부산광역시 동구 초량중로 79, 1층 (초량동)",부산광역시 동구 초량동 250-2 ,
일반음식점,럭키피쉬,"부산광역시 동구 영초길191번길 12, 1~2층 (초량동)",부산광역시 동구 초량동 994-515 ,
일반음식점,해피해조,"부산광역시 동구 영초길191번길 14, 2층 (초량동)",부산광역시 동구 초량동 994-824 ,
일반음식점,오복돼지국밥,"부산광역시 동구 고관로 128-1, 1층 (수정동)",부산광역시 동구 수정동 207-20 ,
일반음식점,고향 소갈비찜,"부산광역시 동구 구봉로 6-1, 1층 (초량동)",부산광역시 동구 초량동 668-14 ,
일반음식점,에이스 한식뷔페,"부산광역시 동구 범일로90번길 17, 2층 207호 (범일동, 범일동 삼정그린코아 더시티)",부산광역시 동구 범일동 830-62 범일동 삼정그린코아 더시티 ,051-636-3335
일반음식점,에이스 샤브샤브,"부산광역시 동구 범일로90번길 17, 2층 201,202,203호 (범일동, 범일동 삼정그린코아 더시티)",부산광역시 동구 범일동 830-62 범일동 삼정그린코아 더시티 ,051-633-3330
일반음식점,초량 인생횟집,"부산광역시 동구 고관로 11-2, 1층 (초량동)",부산광역시 동구 초량동 46-26 ,
일반음식점,해흥관,"부산광역시 동구 고관로 106, 1층 100,101,104,105호 (수정동, 수정상가아파트)",부산광역시 동구 수정동 170-1 수정상가아파트 ,
일반음식점,부도옹커피,"부산광역시 동구 대영로243번길 69, 1층 (초량동)",부산광역시 동구 초량동 555-1 ,
일반음식점,채선당 샤브,"부산광역시 동구 중앙대로 185, 2층 (초량동)",부산광역시 동구 초량동 1209-5 ,
일반음식점,범일식당,"부산광역시 동구 조방로38번길 9, 2층 (범일동)",부산광역시 동구 범일동 830-155 ,
일반음식점,바다마루 전복죽,"부산광역시 동구 중앙대로226번길 3-7, 1층 (초량동)",부산광역시 동구 초량동 1198-6 ,051-465-0035
일반음식점,돈묵짜,"부산광역시 동구 범일로90번길 17, 101,102호 (범일동, 범일동 삼정그린코아 더시티)",부산광역시 동구 범일동 830-62 범일동 삼정그린코아 더시티 ,
일반음식점,리센테,"부산광역시 동구 충장대로 160, 협성마리나G7 A동 3층 306호 (초량동)",부산광역시 동구 초량동 1185-64 협성마리나G7 ,
일반음식점,3.9 옛날통닭,"부산광역시 동구 구봉로 1, 광명사 1층 (초량동)",부산광역시 동구 초량동 806-6 광명사 ,
일반음식점,홋카이도(Hokkaido),"부산광역시 동구 중앙대로195번가길 21, 1층 (초량동, 동우빌딩)",부산광역시 동구 초량동 520-2 동우빌딩 ,
일반음식점,찰리스,"부산광역시 동구 조방로 28, 2층 (범일동)",부산광역시 동구 범일동 830-199 ,
일반음식점,백채김치찌개 부산범일점,"부산광역시 동구 범일로102번길 9, 1층 (범일동)",부산광역시 동구 범일동 830-51 ,
일반음식점,전남친순대 초량점,"부산광역시 동구 초량상로 125, 1층 (초량동)",부산광역시 동구 초량동 92-24 ,
일반음식점,메종드루아,"부산광역시 동구 충장대로 160, 협성마리나G7 B동 302,303호 (초량동)",부산광역시 동구 초량동 1185-64 협성마리나G7 ,
일반음식점,캐트(KATT),"부산광역시 동구 수정로 27, 1층 (수정동)",부산광역시 동구 수정동 844-3 ,
일반음식점,괜찮은감자탕 초량점,"부산광역시 동구 중앙대로 247, 1층 (초량동)",부산광역시 동구 초량동 172-17 ,
일반음식점,코레아라인(KOREA LINE),"부산광역시 동구 대영로243번길 80-1, 1~2층 (초량동)",부산광역시 동구 초량동 1208-5 ,
일반음식점,더카페 부산 초량점,"부산광역시 동구 초량상로 119, 101호 일부 (초량동)",부산광역시 동구 초량동 100-19 ,
일반음식점,아지센,"부산광역시 동구 초량로14번길 9, 1층 (초량동)",부산광역시 동구 초량동 193 ,
일반음식점,오늘 고기먹고 갈래요,"부산광역시 동구 초량로 17-1, 1층 (초량동)",부산광역시 동구 초량동 197-10 ,
일반음식점,맘스피자 수정점,"부산광역시 동구 중앙대로371번길 23, 1층 (수정동)",부산광역시 동구 수정동 194 ,
일반음식점,부산당,"부산광역시 동구 중앙대로209번길 11, 1층 (초량동)",부산광역시 동구 초량동 470-1 ,
일반음식점,돼지갈비집,"부산광역시 동구 중앙대로251번길 19, 101호 (초량동)",부산광역시 동구 초량동 184-2 ,
일반음식점,정짓간,"부산광역시 동구 중앙대로209번길 11, 1,2층 (초량동)",부산광역시 동구 초량동 470-1 ,
일반음식점,드메르 부산역광장점,"부산광역시 동구 중앙대로180번길 6-1, 1층 (초량동)",부산광역시 동구 초량동 1212-13 ,051-746-4116
일반음식점,남천면가 커넥트현대점,"부산광역시 동구 범일로 125, 커넥트현대 지하2층 (범일동)",부산광역시 동구 범일동 62-5 커넥트현대 ,
일반음식점,동양백반 커넥트현대 부산점,"부산광역시 동구 범일로 125, 커넥트현대 지하2층 (범일동)",부산광역시 동구 범일동 62-5 커넥트현대 ,
일반음식점,육식사관학교 부산수정점,"부산광역시 동구 고관로 112-1, 2층 (수정동)",부산광역시 동구 수정동 266-2 ,
일반음식점,삼형제김밥 초량점,"부산광역시 동구 고관로29번길 45, 1층 (초량동)",부산광역시 동구 초량동 92-22 ,
일반음식점,호식이두마리치킨 초량점,"부산광역시 동구 홍곡남로 55, 2층 (초량동)",부산광역시 동구 초량동 754-183 ,
일반음식점,피벗커피테이블(PIVOT COFFEE TABLE),"부산광역시 동구 중앙대로179번길 30, 보란가 (초량동)",부산광역시 동구 초량동 591-17 보란가 ,
일반음식점,모아분식,"부산광역시 동구 진성로21번길 13, 1층 (수정동)",부산광역시 동구 수정동 248-25 ,
일반음식점,백초밥 현대커넥트점,"부산광역시 동구 범일로 125, 커넥트현대 지하2층 (범일동)",부산광역시 동구 범일동 62-5 커넥트현대 ,
일반음식점,에젤푸드 엄마네,"부산광역시 동구 진시장로20번길 36, 1층 (범일동)",부산광역시 동구 범일동 266-15 ,
일반음식점,어촌,"부산광역시 동구 초량중로 84, 1층 (초량동)",부산광역시 동구 초량동 265-1 ,
일반음식점,센료쿠,"부산광역시 동구 초량중로93번길 11, 1층 (초량동)",부산광역시 동구 초량동 133 ,
일반음식점,경복궁,"부산광역시 동구 중앙대로320번길 7-2, 1층 (초량동)",부산광역시 동구 초량동 1154-6 ,
일반음식점,장춘향,"부산광역시 동구 중앙대로179번길 9, 2층 (초량동)",부산광역시 동구 초량동 611 ,
일반음식점,진지,"부산광역시 동구 조방로 14, 동일타워 1층 판매2-121호 (범일동)",부산광역시 동구 범일동 830-140 동일타워 ,
일반음식점,건강한 사람들,"부산광역시 동구 정공단로 24-1, 1층 (좌천동)",부산광역시 동구 좌천동 475-4 ,
일반음식점,도그앤버거 부산수정점,"부산광역시 동구 진성로 63, 1층 (좌천동)",부산광역시 동구 좌천동 994-17 ,
일반음식점,주원,"부산광역시 동구 성북로 57-2, 1층 (범일동)",부산광역시 동구 범일동 1430-53 ,
일반음식점,조방오리와숯불갈비,"부산광역시 동구 범일로 87-1, 1층 (범일동)",부산광역시 동구 범일동 937-1 ,
일반음식점,블랙베어(BLACK BEAR),"부산광역시 동구 범일로 106, 2층 (범일동)",부산광역시 동구 범일동 833-26 ,
일반음식점,남쏘방,"부산광역시 동구 범일로 106, 2층 (범일동)",부산광역시 동구 범일동 833-26 ,
일반음식점,국가면가(본점),"부산광역시 동구 수성로 55, 1층 (수정동)",부산광역시 동구 수정동 433-63 ,
일반음식점,원호정,부산광역시 동구 중앙대로361번길 36 (수정동),부산광역시 동구 수정동 275-1 ,
일반음식점,정가네,"부산광역시 동구 중앙대로320번길 3-6, 1층 (초량동)",부산광역시 동구 초량동 1153-9 ,
일반음식점,수정밥상,"부산광역시 동구 중앙대로 357, 301동 112호 (수정동, 협성휴포레·부산진역 오션뷰)",부산광역시 동구 수정동 1352 협성휴포레·부산진역 오션뷰 ,
일반음식점,어반그릴(URBAN GRILL),"부산광역시 동구 초량상로157번길 46, 이정팰리스 101호 (수정동, 이정팰리스)",부산광역시 동구 수정동 334-1 이정팰리스 ,
일반음식점,젓가락질 잘해야만 밥을 먹나요,"부산광역시 동구 범곡북로 20, 1층 (범일동)",부산광역시 동구 범일동 1308-6 ,
일반음식점,달덩이밥상,"부산광역시 동구 수정공원로105번길 6, 상가동 1층 102호 (수정동, 수정동원빌라)",부산광역시 동구 수정동 512-2 수정동원빌라 ,
일반음식점,오틀라스베이커리,"부산광역시 동구 충장대로 190, 롯데캐슬 드메르 A동 127호 (초량동)",부산광역시 동구 초량동 1233 롯데캐슬 드메르 ,
일반음식점,야미컴퍼니,"부산광역시 동구 범일로 125, 커넥트현대 지하2층 (범일동)",부산광역시 동구 범일동 62-5 커넥트현대 ,
일반음식점,다래분식,"부산광역시 동구 범일로 125, 커넥트현대 지하2층 (범일동)",부산광역시 동구 범일동 62-5 커넥트현대 ,
휴게음식점,중앙,부산광역시 동구 중앙대로231번길 36 (초량동),부산광역시 동구 초량동 236-4 ,051-468-4488
휴게음식점,백조,부산광역시 동구 중앙대로 209 (초량동),부산광역시 동구 초량동 1207-7 ,051-467-2901
휴게음식점,소문난집,"부산광역시 동구 중앙대로361번길 24-3 (수정동,264-6,9)","부산광역시 동구 수정동 261-1 264-6,9 ",051-467-9441
휴게음식점,새부산,부산광역시 동구 고관로 83-1 (수정동),부산광역시 동구 수정동 324-5 ,051-467-3722
휴게음식점,석화,부산광역시 동구 조방로 21 (범일동),부산광역시 동구 범일동 830-61 ,051-632-5005
휴게음식점,록,,"부산광역시 동구 수정동 195-3 189-3,4,13,14,16 ",051-467-0016
휴게음식점,롯데리아부산역점,부산광역시 동구 중앙대로 201 (초량동),부산광역시 동구 초량동 1208-17 ,051-466-7070
휴게음식점,석다원,부산광역시 동구 중앙대로371번길 24-1 (수정동),부산광역시 동구 수정동 200-1 ,
휴게음식점,탕화쿵푸 마라탕,부산광역시 동구 중앙대로 207 (초량동),부산광역시 동구 초량동 1207-14 ,051-467-2840
휴게음식점,국화향기전통찻집,부산광역시 동구 중앙대로 371 (수정동),부산광역시 동구 수정동 1-48 ,051-469-3200
휴게음식점,롯데리아 부산진역점,"부산광역시 동구 중앙대로 377 (수정동,, 113, 210)","부산광역시 동구 수정동 1-61 , 113, 210 ",051-469-9339
휴게음식점,초원커피숍,부산광역시 동구 망양로 960 (범일동),부산광역시 동구 범일동 1306-16 ,051-645-9559
휴게음식점,배스킨라빈스 부산역광장점,"부산광역시 동구 중앙대로 213-1 (초량동,,3)","부산광역시 동구 초량동 1207-2 ,3 ",051-468-0780
휴게음식점,삼진어묵(주) 부산역광장,부산광역시 동구 중앙대로214번길 7 (초량동),부산광역시 동구 초량동 1200-17 ,
휴게음식점,세븐일레븐 초량육거리점,부산광역시 동구 초량상로 93 (초량동),부산광역시 동구 초량동 280-3 ,
휴게음식점,버거앤타코 부산역점,"부산광역시 동구 중앙대로 206 (초량동,(1층))",부산광역시 동구 초량동 1187-1 (1층) ,
휴게음식점,써브웨이 부산역점,"부산광역시 동구 중앙대로 206 (초량동,(3층))",부산광역시 동구 초량동 1187-1 (3층) ,
휴게음식점,이삭토스트전문점,부산광역시 동구 중앙대로371번길 20 (수정동),부산광역시 동구 수정동 210-9 ,051-441-0252
휴게음식점,할매분식,"부산광역시 동구 진성로9번길 21 (수정동,(1층))",부산광역시 동구 수정동 3-2 (1층) ,051-468-0068
휴게음식점,피자헛 부산진역본점,"부산광역시 동구 중앙대로 377 (수정동,,1-113 ,1-210 (1층))","부산광역시 동구 수정동 1-61 ,1-113 ,1-210 (1층) ",
휴게음식점,"떡보의 하루(동구, 서구점)",부산광역시 동구 중앙대로 393 (수정동),부산광역시 동구 수정동 229-6 ,051-442-5599
휴게음식점,호연만두,부산광역시 동구 초량로13번길 8 (초량동),부산광역시 동구 초량동 200-2 ,051-463-5508
휴게음식점,신 청도할매김밥,"부산광역시 동구 중앙대로 206 (초량동,부산역3층)",부산광역시 동구 초량동 1187-1 부산역2층 ,051-463-4071
휴게음식점,수정초량범일좌천티바두마리치킨,"부산광역시 동구 수정동로 13, 1층 (수정동)",부산광역시 동구 수정동 811-29 ,051-468-7906
휴게음식점,스타벅스 부산역점,"부산광역시 동구 중앙대로 216 (초량동,,1층)","부산광역시 동구 초량동 1199-9 ,1층 ",051-463-6511
휴게음식점,해피데이,"부산광역시 동구 중앙대로361번길 14 (수정동,,지하1층일부)","부산광역시 동구 수정동 3 ,지하1층일부 ",051-441-0067
휴게음식점,둥지커피숍,"부산광역시 동구 중앙대로332번길 7 (초량동,,지하1층)","부산광역시 동구 초량동 1151-8 ,지하1층 ",051-466-2511
휴게음식점,만나분식,"부산광역시 동구 수정동로 28, 1층 (수정동)",부산광역시 동구 수정동 546-1 ,051-635-1491
휴게음식점,고봉민 김밥인,부산광역시 동구 진성로9번길 21 (수정동),부산광역시 동구 수정동 3-2 ,051-464-7757
휴게음식점,팔공티 부산역사,"부산광역시 동구 중앙대로 206 (초량동,,3층일부)","부산광역시 동구 초량동 1187-1 ,3층일부 ",051-463-4071
휴게음식점,부산오뎅,"부산광역시 동구 중앙대로 206 (초량동,, 3층일부)","부산광역시 동구 초량동 1187-1 , 3층일부 ",051-463-4071
휴게음식점,야호행사가자,"부산광역시 동구 범일로 125 (범일동,,B2층일부)","부산광역시 동구 범일동 62-5 ,B2층일부 ",
휴게음식점,씨유 조방가인점,부산광역시 동구 범일로90번길 12-1 (범일동),부산광역시 동구 범일동 573-1 ,051-638-7890
휴게음식점,투썸플레이스 부산역점,부산광역시 동구 중앙대로 201 (초량동),부산광역시 동구 초량동 1208-17 ,051-462-0220
휴게음식점,반월당닭강정,"부산광역시 동구 중앙대로 206 (초량동,(3층))",부산광역시 동구 초량동 1187-1 (3층) ,
휴게음식점,파스쿠찌 부산역점,"부산광역시 동구 중앙대로 206, 2층 (초량동)",부산광역시 동구 초량동 1187-1 2층 ,051-441-5116
휴게음식점,이대충무할매김밥,부산광역시 동구 진성로 22-1 (수정동),부산광역시 동구 수정동 231-13 ,051-465-6969
휴게음식점,카페티아라,부산광역시 동구 진시장로 23 (범일동),부산광역시 동구 범일동 637-22 ,051-632-5131
휴게음식점,스위트1225 부산점,"부산광역시 동구 자성로133번길 15, 부산문화방송 범일사옥 (범일동)",부산광역시 동구 범일동 830-30 부산문화방송 범일사옥 ,051-645-1237
휴게음식점,북&빈,부산광역시 동구 초량로 41 (초량동),부산광역시 동구 초량동 282-6 ,051-468-8240
휴게음식점,설빙 범일점,부산광역시 동구 범일로102번길 14 (범일동),부산광역시 동구 범일동 830-27 ,051-631-2924
휴게음식점,에그박스 부산역점,"부산광역시 동구 중앙대로 206 (초량동,4층)",부산광역시 동구 초량동 1187-1 4층 ,051-260-8914
휴게음식점,카페트리핀,부산광역시 동구 중앙대로 206 (초량동),부산광역시 동구 초량동 1187-1 ,
휴게음식점,세븐일레븐 봉생병원점,부산광역시 동구 고관로 153 (좌천동),부산광역시 동구 좌천동 683-15 ,051-633-0284
휴게음식점,GS25 초량일신점,부산광역시 동구 중앙대로320번길 3-2 (초량동),부산광역시 동구 초량동 1153-14 ,051-464-7515
휴게음식점,도그앤버거(부산수정점),부산광역시 동구 고관로 85-1 (수정동),부산광역시 동구 수정동 324-3 ,
휴게음식점,돌체,부산광역시 동구 중앙대로 281 (초량동),부산광역시 동구 초량동 1147-2 ,
휴게음식점,이디야커피초량점,부산광역시 동구 중앙대로332번길 4 (초량동),부산광역시 동구 초량동 1153-1 ,051-442-5525
휴게음식점,피자1번가범일,부산광역시 동구 중앙대로 531-1 (범일동),부산광역시 동구 범일동 61-6 ,
휴게음식점,GS25 초량스타점,부산광역시 동구 중앙대로226번길 3-8 (초량동),부산광역시 동구 초량동 1197-2 ,
휴게음식점,한국맥도날드(유) 범일SK DT점,부산광역시 동구 자성로 127 (범일동),부산광역시 동구 범일동 828-8 ,
휴게음식점,수목,부산광역시 동구 수정공원상로 6 (수정동),부산광역시 동구 수정동 1169-4 ,
휴게음식점,함지박,부산광역시 동구 진성로21번길 29 (수정동),부산광역시 동구 수정동 248-29 ,
휴게음식점,전통찻집달마,부산광역시 동구 초량로100번길 25 (초량동),부산광역시 동구 초량동 827-5 ,051-917-2005
휴게음식점,GS25 편의점,"부산광역시 동구 중앙대로180번길 12 (초량동, 1층일부)",부산광역시 동구 초량동 1213-1 ,
휴게음식점,바사삭 치킨강정,"부산광역시 동구 초량로 39 (초량동, 1층)",부산광역시 동구 초량동 282-2 ,
휴게음식점,CU범일포세이돈점,부산광역시 동구 자성로116번길 2 (범일동),부산광역시 동구 범일동 825-7 ,
휴게음식점,피자일번가,부산광역시 동구 중앙대로 245 (초량동),부산광역시 동구 초량동 172-20 ,
휴게음식점,주식회사 제이엠에스고봉,"부산광역시 동구 중앙대로 197 (초량동, 지하1층 일부)",부산광역시 동구 초량동 1208-18 ,051-467-9777
휴게음식점,콩지팥찌,부산광역시 동구 고관로 85-1 (수정동),부산광역시 동구 수정동 324-3 ,
휴게음식점,남포동수제비,부산광역시 동구 범일로 125 (범일동),부산광역시 동구 범일동 62-5 ,051-667-1216
휴게음식점,피자덕 부산동구점,"부산광역시 동구 초량로 44 (초량동, 1층일부)",부산광역시 동구 초량동 806-171 ,
휴게음식점,꿀꺽호빙떡,부산광역시 동구 수정중로 31 (수정동),,
휴게음식점,환공어묵,부산광역시 동구 중앙대로 206 (초량동),부산광역시 동구 초량동 1187-1 ,051-441-5765
휴게음식점,(주)은하수산,"부산광역시 동구 범일로 125, 지하2층 (범일동)",부산광역시 동구 범일동 62-5 ,051-979-5915
휴게음식점,coffee또봐,부산광역시 동구 중앙대로 519-20 (범일동),부산광역시 동구 범일동 71-3 ,051-631-8655
휴게음식점,샤브랩,"부산광역시 동구 범일로 125, 현대백화점 부산점 지하2층 (범일동)","부산광역시 동구 범일동 62-5 현대백화점 부산점, 지하2층 ",051-667-1231
휴게음식점,인얼스커피,"부산광역시 동구 범일로 125 (범일동, 현대백화점내 지하2층)",부산광역시 동구 범일동 62-5 ,051-667-1088
휴게음식점,파라다이스,부산광역시 동구 중앙대로221번길 16 (초량동),부산광역시 동구 초량동 389-4 ,
휴게음식점,커피쥬스식스명랑핫도그,부산광역시 동구 중앙대로 215 (초량동),부산광역시 동구 초량동 1207-1 ,
휴게음식점,vincent(빈센트),부산광역시 동구 범일로 107-4 (범일동),부산광역시 동구 범일동 902-11 902-12 ,
휴게음식점,에스티 커피(ST Coffee),"부산광역시 동구 중앙대로 514 (범일동, 한성기린상가 101호)",부산광역시 동구 범일동 62-720 ,
휴게음식점,가배타로,"부산광역시 동구 진성로9번길 1, 1~3층 (수정동)",부산광역시 동구 수정동 210-1 ,
휴게음식점,미미분식,부산광역시 동구 중앙대로231번길 18 (초량동),부산광역시 동구 초량동 207-15 ,
휴게음식점,연옥해물칼국수,부산광역시 동구 범일로 74 (범일동),부산광역시 동구 범일동 318-1 ,
휴게음식점,컴포즈커피 시민회관점,"부산광역시 동구 조방로 14 (범일동, 동일타워 1층 125호)",부산광역시 동구 범일동 830-140 ,
휴게음식점,동구청 북카페 시끌북(Book)적,"부산광역시 동구 구청로 1, 2층 (수정동, 북카페 내)",부산광역시 동구 수정동 239-2 ,051-462-1466
휴게음식점,범일커피,부산광역시 동구 범일로 108 (범일동),부산광역시 동구 범일동 833-11 ,
휴게음식점,매머드익스프레스 부산초량,부산광역시 동구 중앙대로236번길 3-6 (초량동),부산광역시 동구 초량동 1194-7 ,051-923-0430
휴게음식점,PC토랑,"부산광역시 동구 범일로102번길 14, 3층 (범일동)",부산광역시 동구 범일동 830-27 3층 ,
휴게음식점,아리랑고개카페,부산광역시 동구 망양로 880-1 (범일동),"부산광역시 동구 범일동 1434-80 1434-10,1434-81 ",
휴게음식점,이중섭 전망카페,부산광역시 동구 증산로 168 (범일동),부산광역시 동구 범일동 1462-9 ,
휴게음식점,카페드롭탑 국제여객터미널,"부산광역시 동구 충장대로 206, 2층 (초량동)",부산광역시 동구 초량동 45-39 ,
휴게음식점,씨엘로,"부산광역시 동구 수정동로 19-1, 1층 (수정동)",부산광역시 동구 수정동 804-16 ,
휴게음식점,GS25초량육거리점,부산광역시 동구 초량로40번길 2 (초량동),부산광역시 동구 초량동 806-148 ,051-465-3200
휴게음식점,카페(CAFE)051 부산진역점,부산광역시 동구 중앙대로371번길 6 (수정동),부산광역시 동구 수정동 1-116 ,
휴게음식점,이디야,부산광역시 동구 초량로 37 (초량동),부산광역시 동구 초량동 281-17 ,
휴게음식점,드림피씨(DREAM PC),부산광역시 동구 중앙대로371번길 12 (수정동),부산광역시 동구 수정동 1-131 4층 ,051-466-4459
휴게음식점,라이즈 커피,부산광역시 동구 중앙대로180번길 6 (초량동),부산광역시 동구 초량동 1212-1 ,
휴게음식점,브라운핸즈백제,부산광역시 동구 중앙대로209번길 16 (초량동),부산광역시 동구 초량동 467 ,051-464-0332
휴게음식점,남천할매떡볶이,부산광역시 동구 중앙대로 206 (초량동),부산광역시 동구 초량동 1187-1 2층 ,
휴게음식점,세븐일레븐 부산조방점,부산광역시 동구 조방로49번길 29 (범일동),부산광역시 동구 범일동 830-216 ,
휴게음식점,김밥&커피,"부산광역시 동구 중앙대로 지하 200, 나33호 (초량동, 부산역지하도상가)",부산광역시 동구 초량동 1206-1 부산역지하도상가 나33호 ,
휴게음식점,폴인커피,부산광역시 동구 자성로133번길 50 (범일동),부산광역시 동구 범일동 830-74 ,051-636-5684
휴게음식점,와커피 범일동일타워점,"부산광역시 동구 조방로 14, 판매2-111호 (범일동, 동일타워)",부산광역시 동구 범일동 830-140 동일타워판매 제2-111호 ,
휴게음식점,까페리토,부산광역시 동구 대영로 261 (초량동),부산광역시 동구 초량동 1212-11 ,
휴게음식점,컴포즈커피초량,부산광역시 동구 초량로 35 (초량동),부산광역시 동구 초량동 280-5 ,051-463-0221
휴게음식점,시옷지읒,부산광역시 동구 초량로 112 (초량동),부산광역시 동구 초량동 827-235 ,
휴게음식점,지에스이십오(gs25)한성기린점,"부산광역시 동구 중앙대로 514 (범일동, 한성기린아파트상가 105,106호)",부산광역시 동구 범일동 62-720 ,051-637-3134
휴게음식점,부관카페,"부산광역시 동구 충장대로 206, 2층 (초량동, 선박, 부관훼리 성희호)",부산광역시 동구 초량동 45-39 ,
휴게음식점,블루샥 범일동일타워점,"부산광역시 동구 조방로 14, 판매2-122호 (범일동, 동일타워)",부산광역시 동구 범일동 830-140 ,
휴게음식점,지에스(GS)동일타워점,"부산광역시 동구 조방로 14, 동일타워 113호 (범일동)",부산광역시 동구 범일동 830-140 동일타워 ,
휴게음식점,GS25동구초량점,부산광역시 동구 중앙대로296번길 3-2 (초량동),부산광역시 동구 초량동 1159-10 ,
휴게음식점,카페드로(cafe draw),"부산광역시 동구 중앙대로308번길 7-7, 1층 101호 (초량동)",부산광역시 동구 초량동 1156-4 ,051-466-6560
휴게음식점,컴포즈커피,"부산광역시 동구 중앙대로274번길 3-7, 1층 (초량동)",부산광역시 동구 초량동 1164-4 상가 102호,
휴게음식점,토리분식,"부산광역시 동구 증산로 178-1, 2층 (범일동)",부산광역시 동구 범일동 1422-36 ,
휴게음식점,GS25 수정서로점,부산광역시 동구 수정서로 8 (수정동),부산광역시 동구 수정동 789-3 ,
휴게음식점,헤브어나이스데이,부산광역시 동구 중앙대로 192 (초량동),부산광역시 동구 초량동 1205-1 ,051-463-3800
휴게음식점,할리스커피(동부산우체국),"부산광역시 동구 조방로 15, 1층 (범일동)",부산광역시 동구 범일동 830-63 1층 ,
휴게음식점,중앙충무김밥범일점,부산광역시 동구 부산진성공원로 23-3 (범일동),부산광역시 동구 범일동 570-39 ,
휴게음식점,CU부산초량제일점,부산광역시 동구 중앙대로286번길 4 (초량동),부산광역시 동구 초량동 1164-1 ,
휴게음식점,메가엠지씨커피 범일동점,부산광역시 동구 범일로102번길 13 (범일동),부산광역시 동구 범일동 830-222 ,
휴게음식점,블랙카페,"부산광역시 동구 성북로36번길 1, 지하 1층 (범일동)",부산광역시 동구 범일동 1403-11 ,
휴게음식점,콩마당카페,"부산광역시 동구 초량남로 12, 4층 (초량동, 동구노인복지관분관)",부산광역시 동구 초량동 820-20 동구노인복지관분관 4층 ,051-714-6092
휴게음식점,스마일만나찹쌀꽈배기,부산광역시 동구 고관로 130-1 (수정동),부산광역시 동구 수정동 234-10 ,
휴게음식점,cafe 레브,"부산광역시 동구 정공단로 27, 1층 (좌천동)",부산광역시 동구 좌천동 471-1 ,051-630-0436
휴게음식점,앤그레이커피로스터스,"부산광역시 동구 중앙대로180번길 9, 1층 (초량동)",부산광역시 동구 초량동 1204-13 ,051-959-6067
휴게음식점,어벤더치,"부산광역시 동구 초량로 29, 1층 (초량동)",부산광역시 동구 초량동 281-24 ,
휴게음식점,스테이지 로스터스,"부산광역시 동구 홍곡로 68, 2층 201호 (수정동, 베스안하우스 2차)",부산광역시 동구 수정동 1014-8 베스안하우스 2차 ,
휴게음식점,빌런PC방,"부산광역시 동구 범일로102번길 13, 2층 (범일동)",부산광역시 동구 범일동 830-222 ,
휴게음식점,써브웨이 부산진역점,"부산광역시 동구 중앙대로 365, 1층 (수정동)",부산광역시 동구 수정동 1-10 ,
휴게음식점,한국맥도날드(유) 부산초량DT점,부산광역시 동구 중앙대로 228 (초량동),부산광역시 동구 초량동 1198-7 ,
휴게음식점,커피마루,"부산광역시 동구 충장대로 206, 3층 (초량동, 부산항국제여객터미널)",부산광역시 동구 초량동 45-39 부산항국제여객터미널 3층 출국장내 3A55호,
휴게음식점,하와이안파라다이스커피,"부산광역시 동구 중앙대로 206, 3층 (초량동, 부산역사내)",부산광역시 동구 초량동 1187-1 부산역사내 3층일부 ,051-441-0918
휴게음식점,메가엠지씨커피 부산동구청점,"부산광역시 동구 고관로 95-1, 1층 (수정동)",부산광역시 동구 수정동 312-7 ,051-465-9885
휴게음식점,플루800,"부산광역시 동구 고관로 116, 1층 (수정동)",부산광역시 동구 수정동 257-2 ,051-442-2989
휴게음식점,GS25부산범일점,"부산광역시 동구 조방로34번길 1, 1층 (범일동)",부산광역시 동구 범일동 830-188 1층 일부 ,051-631-5987
휴게음식점,세븐일레븐 초량오거리점,"부산광역시 동구 중앙대로209번길 32, 1층 (초량동)",부산광역시 동구 초량동 446-1 1층 일부 ,
휴게음식점,씨유오션브릿지점,"부산광역시 동구 범일로 41, 102동 101호 (범일동, 범일엘에이치오션브릿지)",부산광역시 동구 범일동 252-753 범일엘에이치오션브릿지 102동 101호일부 ,
휴게음식점,숲(for:rest),"부산광역시 동구 범일로 41, 102동 105호 (범일동, 범일엘에이치오션브릿지)",부산광역시 동구 범일동 252-753 범일엘에이치오션브릿지 102동 105호,
휴게음식점,와플칸,,부산광역시 동구 초량동 141-5 1층 ,
휴게음식점,아스티호텔 로비라운지,"부산광역시 동구 중앙대로214번길 7-8, 아스티호텔 3층 (초량동)","부산광역시 동구 초량동 1201-1 1201-8, 아스티호텔 3층 ",051-409-8840
휴게음식점,옥스PC방 범일동점,"부산광역시 동구 중앙대로 540, 2층 (범일동)",부산광역시 동구 범일동 62-729 2층 일부 ,
휴게음식점,아메리칸트레일러,"부산광역시 동구 중앙대로 206, 한국철도공사부산지역본부 3층 (초량동)",부산광역시 동구 초량동 1187-1 한국철도공사부산지역본부 3층 맞이방 ,
휴게음식점,수제카페 제이빈,"부산광역시 동구 홍곡남로 16-1, 1층 (수정동)",부산광역시 동구 수정동 1043-45 1층 일부 ,
휴게음식점,참맛카롱,부산광역시 동구 중앙대로 243 (초량동),"부산광역시 동구 초량동 45-10 , 173-1 1층 일부 ",051-441-6159
휴게음식점,브로드웨이커피 프라임호텔점,"부산광역시 동구 중앙대로 399, 1층 (수정동)",부산광역시 동구 수정동 1-62 ,
휴게음식점,원웨이카페,"부산광역시 동구 중앙대로196번길 6-3, 1층 (초량동)",부산광역시 동구 초량동 1204-3 1층 일부 ,051-462-4408
휴게음식점,일로,"부산광역시 동구 중앙대로 459-7, 1~2층 102호 (좌천동, 센템타워)","부산광역시 동구 좌천동 476-1 센템타워,1~2층 102호",
휴게음식점,텐퍼센트 범일점,"부산광역시 동구 조방로 14, 동일타워 1층 판매2-109호 (범일동)",부산광역시 동구 범일동 830-140 동일타워 ,
휴게음식점,세븐일레븐 경남여고맘보점,"부산광역시 동구 수정중로 30, 맘보빌딩 1층 (수정동)","부산광역시 동구 수정동 553-22 맘보빌딩, 1층 ",
휴게음식점,반하당,"부산광역시 동구 범일로53번길 31-2, 1층 (범일동)",부산광역시 동구 범일동 252-97 집합 27319호 ,
휴게음식점,세븐일레븐 부산아르미나점,"부산광역시 동구 홍곡남로 52, 백야빌딩 2층 (초량동)",부산광역시 동구 초량동 1176-4 백야빌딩 2층 일부 ,
휴게음식점,빈티지38 카페 부산역점,"부산광역시 동구 중앙대로 206, 부산역사내 4층 (초량동)",부산광역시 동구 초량동 1187-1 부산역사내 4층(3층 맞이방) ,
휴게음식점,카페라미아,"부산광역시 동구 대영로 265, 1층 일부 (초량동)","부산광역시 동구 초량동 1213-18 1213-14, 노떼라미아호텔 1층 일부 ",
휴게음식점,투썸플레이스 부산초량점,"부산광역시 동구 중앙대로 325, 1~2층 (초량동)",부산광역시 동구 초량동 1143-16 1~2층 ,051-441-4422
휴게음식점,포레스트,"부산광역시 동구 중앙대로236번길 3-8, 1층 (초량동)",부산광역시 동구 초량동 1194-6 1층 ,
휴게음식점,지에스25 부산범양레우스점,"부산광역시 동구 초량중로 117, 1층 (초량동)",부산광역시 동구 초량동 90-8 1층 일부 ,
휴게음식점,컴포즈커피 초량고관로점,"부산광역시 동구 고관로29번길 26, 1층 (초량동)",부산광역시 동구 초량동 35-8 1층 ,051-466-0011
휴게음식점,메가엠지씨 부산차이나타운점,"부산광역시 동구 중앙대로 181, 1층 (초량동)",부산광역시 동구 초량동 1209-13 1층 일부 ,
휴게음식점,수수가든 카페,"부산광역시 동구 범일로 125, 현대백화점 부산점 지상2층 (범일동)",부산광역시 동구 범일동 62-5 현대백화점 부산점 지상2층 ,051-667-0281
휴게음식점,클라,"부산광역시 동구 중앙대로 461, 1~3층 (좌천동)",부산광역시 동구 좌천동 464-1 ,
휴게음식점,카페투톤(CAFE TWOTONE),"부산광역시 동구 초량상로65번길 1, 1층 (초량동)",부산광역시 동구 초량동 970-10 1층 ,
휴게음식점,씨유 범일동산점,"부산광역시 동구 중앙대로 501, 지상1층 (범일동)",부산광역시 동구 범일동 104-4 ,051-646-7773
휴게음식점,지에스25 부산차이나타운점,"부산광역시 동구 초량중로 24, 지상1층 101호 (초량동, 성림빌리지)",부산광역시 동구 초량동 591-3 성림빌리지 101호,051-468-7876
휴게음식점,카페051동일타워점,"부산광역시 동구 조방로 14, 동일타워 지상1층 127호 (범일동)",부산광역시 동구 범일동 830-140 동일타워 판매2-127호 ,051-992-0051
휴게음식점,테코커피,"부산광역시 동구 중앙대로214번길 7-5, 1층 (초량동)",부산광역시 동구 초량동 1200-12 1층일부 ,
휴게음식점,빈브루,"부산광역시 동구 조방로 48, 자유시장 지상1층 1092호 (범일동)",부산광역시 동구 범일동 830-24 자유시장 지상1층 1092호,
휴게음식점,하삼동 커피 부산진역점,"부산광역시 동구 고관로 149, 1층 (좌천동)",부산광역시 동구 좌천동 683-17 ,
휴게음식점,168배틀트립,"부산광역시 동구 초량상로 161, 태양빌딩 3층 (수정동)",부산광역시 동구 수정동 361-1 태양빌딩 ,051-728-7011
휴게음식점,카페 편안,"부산광역시 동구 증산북로13번길 6, 1동 지상2층 (범일동)",부산광역시 동구 범일동 1343-7 1동 지상2층 ,051-633-5250
휴게음식점,텐퍼센트 커피,"부산광역시 동구 중앙대로 365, 부산일보 1층 (수정동)",부산광역시 동구 수정동 1-10 부산일보 ,
휴게음식점,컴포즈커피 차이나타운점,"부산광역시 동구 중앙대로195번길 6, 1층 (초량동)","부산광역시 동구 초량동 1208-27 1208-28, 1208-30 ",051-466-4513
휴게음식점,씨유 수정온사랑점,"부산광역시 동구 수정로 28-1, 1층 (수정동)",부산광역시 동구 수정동 856-9 ,051-464-9482
휴게음식점,씨유 나눔라마다호텔점,"부산광역시 동구 중앙대로196번길 10, 부산역라마다앙코르호텔 1층 103호 일부호 (초량동)",부산광역시 동구 초량동 1204-1 부산역라마다앙코르호텔 103호 일부 ,
휴게음식점,커피랑 원두랑,"부산광역시 동구 고관로13번길 5-18, 1층 (초량동)",부산광역시 동구 초량동 52-1 ,
휴게음식점,스타벅스 부산역라마다점,"부산광역시 동구 중앙대로196번길 10, 부산역라마다앙코르호텔 102,203,204호 (초량동)","부산광역시 동구 초량동 1204-1 부산역라마다앙코르호텔 102,203,204호 ",051-462-3705
휴게음식점,스타벅스 부산역아스티점,"부산광역시 동구 중앙대로214번길 7-8, 아스티근생 107,108,212,213,214호 (초량동)","부산광역시 동구 초량동 1201-1 아스티근생 107,108,212,213,214호 ",051-442-3817
휴게음식점,씨유 초량이편한점,"부산광역시 동구 홍곡로 50, 근린생활시설-2동 202,203호 (초량동, 이편한세상부산항)","부산광역시 동구 초량동 1218 이편한세상부산항 근린생활시설-2 202,203호 ",
휴게음식점,씨유 초량대박점,"부산광역시 동구 홍곡로 47, 1층 (수정동)",부산광역시 동구 수정동 1043-54 101호,051-462-1466
휴게음식점,수정애마을협동조합,"부산광역시 동구 망양로756번길 38, 1층 (수정동)",부산광역시 동구 수정동 785-5 ,051-465-3051
휴게음식점,그나비,"부산광역시 동구 중앙대로 449-8, 2층 (좌천동)",부산광역시 동구 좌천동 511 2층 일부 ,
휴게음식점,배스킨라빈스(범일점),"부산광역시 동구 범일로102번길 20, 지상1층 (범일동)",부산광역시 동구 범일동 830-269 ,
휴게음식점,메가엠지씨커피 초량점,"부산광역시 동구 초량중로 94, 지상 1,2층 (초량동)",부산광역시 동구 초량동 135-12 ,051-467-9868
휴게음식점,씨유 좌천수정점,"부산광역시 동구 진성로 36, 1층 (좌천동)",부산광역시 동구 좌천동 696-9 ,
휴게음식점,하삼동커피 범일점,"부산광역시 동구 범일로102번길 7, 1층 (범일동)",부산광역시 동구 범일동 830-50 ,
휴게음식점,이마트24 초량대로점,"부산광역시 동구 중앙대로 313, 지상1층 (초량동)",부산광역시 동구 초량동 1144-6 ,051-463-1113
휴게음식점,카페051초량육거리점,"부산광역시 동구 중앙대로251번길 46, 지상1층 (초량동)",부산광역시 동구 초량동 134-36 ,051-462-1051
휴게음식점,주 카페,"부산광역시 동구 조방로 14, 동일타워 1층 112호 (범일동)",부산광역시 동구 범일동 830-140 동일타워 ,
휴게음식점,떡실신,"부산광역시 동구 좌천남로 25, 1층 (좌천동)",부산광역시 동구 좌천동 683-20 ,051-646-6844
휴게음식점,하삼동 초량점,"부산광역시 동구 고관로29번길 4, 지상1층 (초량동)",부산광역시 동구 초량동 42-11 ,051-442-3300
휴게음식점,씨유초량지원더뷰점,"부산광역시 동구 고관로 40, 지하2층 B203호 (초량동)",부산광역시 동구 초량동 1146-2 지하2층 B203호,
휴게음식점,스타벅스 범일동일타워점,"부산광역시 동구 조방로 14, 동일타워 1층 2-114호 (범일동)",부산광역시 동구 범일동 830-140 동일타워 ,
휴게음식점,텐퍼센트커피 초량육거리점,"부산광역시 동구 중앙대로251번길 33, 1층 (초량동)",부산광역시 동구 초량동 143-5 ,
휴게음식점,지에스25 동구 사루비아점,"부산광역시 동구 망양로 793, 1층 (수정동)",부산광역시 동구 수정동 580-2 ,
휴게음식점,일로공작,"부산광역시 동구 수정중로 22-1, 1층 (수정동)",부산광역시 동구 수정동 658-23 ,
휴게음식점,아이스앤스낵창고 초량육거리점,"부산광역시 동구 초량중로 92-2, 1층 (초량동)",부산광역시 동구 초량동 144-3 ,
휴게음식점,킹프레소 초량부산역점,"부산광역시 동구 중앙대로221번길 33, 1층 (초량동)",부산광역시 동구 초량동 415-10 ,
휴게음식점,세븐일레븐 부산범곡점,"부산광역시 동구 망양로 964, 1층 (범일동)",부산광역시 동구 범일동 1306-9 ,
휴게음식점,원토스트 앤 커피,"부산광역시 동구 조방로49번길 23, 범일 우리에 1층 101호 (범일동)",부산광역시 동구 범일동 830-263 범일 우리에 ,
휴게음식점,홍헤원,"부산광역시 동구 범일로 78, 1층 (범일동)",부산광역시 동구 범일동 612-17 ,051-633-1600
휴게음식점,노르딕,"부산광역시 동구 범일로65번길 8, 남문시장 1층 124, 125호 (범일동)",부산광역시 동구 범일동 290-3 남문시장 ,
휴게음식점,세븐일레븐 부산 동구 동양점,부산광역시 동구 증산로 150 (범일동),부산광역시 동구 범일동 1336-22 ,
휴게음식점,한국암웨이 부산점,"부산광역시 동구 중앙대로248번길 7-6, 대한통운 3층 (초량동)",부산광역시 동구 초량동 1188-1 대한통운 ,051-469-6366
휴게음식점,CU부산초량예스점,"부산광역시 동구 중앙대로 243-15, 1층 (초량동)",부산광역시 동구 초량동 171-3 ,
휴게음식점,세븐일레븐 부산좌천가구점,"부산광역시 동구 중앙대로 441-1, 1층 (좌천동)",부산광역시 동구 좌천동 547-8 ,
휴게음식점,신흥강자다온,"부산광역시 동구 수정로 8, 1층 (수정동)",부산광역시 동구 수정동 139-3 ,
휴게음식점,누리왕만두,"부산광역시 동구 범일로 87, 1층 (범일동)",부산광역시 동구 범일동 937-8 ,051-633-1320
휴게음식점,헬로우빈,"부산광역시 동구 자성로 110, 백송빌딩 1~2층 (범일동)",부산광역시 동구 범일동 547-17 백송빌딩 ,
휴게음식점,샐러디,"부산광역시 동구 중앙대로 328, 금산빌딩 1층 (초량동)",부산광역시 동구 초량동 1152-1 금산빌딩 ,
휴게음식점,앙꼬 다방,"부산광역시 동구 수정중로38번길 18, 1층 (수정동)",부산광역시 동구 수정동 467-39 ,
휴게음식점,웨슬리,"부산광역시 동구 중앙대로196번길 6-7, 1층 (초량동)",부산광역시 동구 초량동 1204-7 ,051-952-8400
휴게음식점,헤브어나이스데이 부산진역점,"부산광역시 동구 중앙대로371번길 9, 1층 (수정동)",부산광역시 동구 수정동 3-3 ,
휴게음식점,아이마이미,"부산광역시 동구 중앙대로371번길 55, 2층 (수정동)",부산광역시 동구 수정동 547-21 ,
휴게음식점,피자스쿨 부산초량점,"부산광역시 동구 고관로29번길 33, 1층 (초량동)",부산광역시 동구 초량동 91-10 ,
휴게음식점,하이오 동구청점,"부산광역시 동구 고관로 99, 1층 (수정동)",부산광역시 동구 수정동 305-4 ,051-945-0365
휴게음식점,cafe Min's,"부산광역시 동구 성남일로 5, 1층 (좌천동, 두산위브범일뉴타운)",부산광역시 동구 좌천동 1168 두산위브범일뉴타운 ,
휴게음식점,씨유 부산협성G7점,"부산광역시 동구 충장대로 160, B동 107호 (초량동)",부산광역시 동구 초량동 1185-65 ,
휴게음식점,하삼동커피 부산역점,부산광역시 동구 대영로243번길 113 (초량동),부산광역시 동구 초량동 377-3 ,051-791-0603
휴게음식점,증산로97,"부산광역시 동구 증산로 97, 지하1호 (좌천동, 제일아파트)",부산광역시 동구 좌천동 783-4 제일아파트 ,
휴게음식점,카페 린,부산광역시 동구 초량중로 103 (초량동),부산광역시 동구 초량동 110-25 ,051-997-5577
휴게음식점,더벤티 부산초량점,"부산광역시 동구 초량중로 114, 지하1층 120호 (초량동, 범양레우스 센트럴베이)",부산광역시 동구 초량동 1226 범양레우스 센트럴베이 ,
휴게음식점,OXPC 초량역점,"부산광역시 동구 중앙대로 263, 국제오피스텔 2층 201호 (초량동)",부산광역시 동구 초량동 1147-14 국제오피스텔 ,
휴게음식점,스테프핫도그 초량점,"부산광역시 동구 초량로 29, 2~3층 (초량동)",부산광역시 동구 초량동 281-24 ,
휴게음식점,씨유 부산마리나점,"부산광역시 동구 충장대로 160, 협성마리나G7 A동 1층 113호 (초량동)",부산광역시 동구 초량동 1185-65 협성마리나G7 ,
휴게음식점,산복다방,"부산광역시 동구 망양로 752-1, 1층 (수정동)",부산광역시 동구 수정동 749-21 ,
휴게음식점,컴포즈커피부산역아스티점,"부산광역시 동구 중앙대로214번길 7-8, 1층 102호 (초량동)",부산광역시 동구 초량동 1201-1 ,
휴게음식점,떡만드는 앙드레,"부산광역시 동구 범일로 125, 커넥트현대 지하2층 (범일동)",부산광역시 동구 범일동 62-5 커넥트현대 ,
휴게음식점,텐퍼센트커피 부산역점,"부산광역시 동구 중앙대로214번길 7-8, 1층 (초량동)",부산광역시 동구 초량동 1201-1 ,
휴게음식점,카페이차,부산광역시 동구 중앙대로214번길 3-12 (초량동),부산광역시 동구 초량동 1200-2 ,
휴게음식점,CU유라시아플랫폼,"부산광역시 동구 중앙대로214번길 3-2, 1층 (초량동)",부산광역시 동구 초량동 1200-11 ,
휴게음식점,커피이루카,부산광역시 동구 중앙대로296번길 3-3 (초량동),부산광역시 동구 초량동 1158-8 ,051-468-4654
휴게음식점,코코호도 부산동일타워점,"부산광역시 동구 조방로 14, 동일타워 126호 (범일동)",부산광역시 동구 범일동 830-140 동일타워 ,
휴게음식점,GS25 동부점,"부산광역시 동구 정공단로 27, 일신기독병원 1층 (좌천동)",부산광역시 동구 좌천동 471-1 일신기독병원 ,051-633-4285
휴게음식점,꽃길만걷자컴퍼니,"부산광역시 동구 충장대로 206, 부산항 국제여객터미널 (초량동)",부산광역시 동구 초량동 45-39 부산항 국제여객터미널 ,
휴게음식점,샐러드박스 부산역점,"부산광역시 동구 중앙대로 169, 태영 노블리안 122호 (초량동)",부산광역시 동구 초량동 1210-6 태영 노블리안 ,
휴게음식점,카페 라모드,"부산광역시 동구 진시장로20번길 30, 1층 (범일동)",부산광역시 동구 범일동 277-3 ,051-633-3977
휴게음식점,하이오 자성공원로점,"부산광역시 동구 부산진성공원로 21, 1층 (범일동)",부산광역시 동구 범일동 584-1 ,
휴게음식점,오엑스피씨(OXPC) 동구청점,"부산광역시 동구 고관로 102, 지하1층 (수정동)",부산광역시 동구 수정동 159-1 ,
휴게음식점,이디야 부산차이나타운점,"부산광역시 동구 중앙대로179번길 9, 1층 (초량동)",부산광역시 동구 초량동 611 ,051-469-3002
휴게음식점,댄싱컵 범일점,"부산광역시 동구 범일로90번길 17, 1층 110호 (범일동, 범일동 삼정그린코아 더시티)",부산광역시 동구 범일동 830-62 범일동 삼정그린코아 더시티 ,
휴게음식점,제임스 김밥,"부산광역시 동구 고관로 172, 1층 (좌천동)",부산광역시 동구 좌천동 632-2 ,051-911-3689
휴게음식점,GS25 좌천아이유점,"부산광역시 동구 자성로8번길 4-5, 1층 101호 (좌천동)",부산광역시 동구 좌천동 165-5 ,
휴게음식점,파스쿠찌 부산범일점,"부산광역시 동구 조방로 45, 덕원빌딩 1층 (범일동)",부산광역시 동구 범일동 830-25 덕원빌딩 ,
휴게음식점,씨유 범일베스티움점,"부산광역시 동구 중앙대로 539, 1층 102호 (범일동, 서면 베스티움 더 시티)",부산광역시 동구 범일동 26-8 서면 베스티움 더 시티 ,
휴게음식점,텐퍼센트 범일베스티움점,"부산광역시 동구 중앙대로 539, 1층 101호 (범일동, 서면 베스티움 더 시티)",부산광역시 동구 범일동 26-8 서면 베스티움 더 시티 ,
휴게음식점,자스민커피,"부산광역시 동구 조방로42번길 2, 1층 (범일동)",부산광역시 동구 범일동 830-166 ,
휴게음식점,텐퍼센트스페셜티커피 진시장점,"부산광역시 동구 진시장로 21-4, 1층 (범일동)",부산광역시 동구 범일동 640-15 ,051-462-1466
휴게음식점,세븐일레븐 부산범일삼정점,"부산광역시 동구 범일로90번길 17, 1층 115호 (범일동, 범일동 삼정그린코아 더시티)",부산광역시 동구 범일동 830-62 범일동 삼정그린코아 더시티 ,
휴게음식점,스콘티,"부산광역시 동구 중앙대로533번길 17, 1층 (범일동)",부산광역시 동구 범일동 54-1 ,
휴게음식점,씨유 부산항일동점,"부산광역시 동구 자성로 2, 104동 1층 103호 (좌천동, 부산항 일동미라주 더오션 아파트 (1지구))",부산광역시 동구 좌천동 67-27 부산항 일동미라주 더오션 아파트 (1지구) ,
휴게음식점,이음마을 협동조합,"부산광역시 동구 증산서로 18-1, 좌천생활문화센터(어울림카페) 1층 (좌천동)",부산광역시 동구 좌천동 887-2 좌천생활문화센터(어울림카페) ,
휴게음식점,어랏커피 범일점,"부산광역시 동구 범일로 91, 오성상가 1층 5호 (범일동)",부산광역시 동구 범일동 933-4 오성상가 ,
휴게음식점,원유로 스페셜티 부산초량역점,"부산광역시 동구 고관로 40, 지하2층 204호 (초량동)",부산광역시 동구 초량동 1146-2 ,
휴게음식점,영커피 초량점,"부산광역시 동구 중앙대로274번길 7-3, 1층 105호 (초량동, 부산역 유림 줄리엣)",부산광역시 동구 초량동 1165-11 부산역 유림 줄리엣 ,
휴게음식점,베이크백,"부산광역시 동구 초량중로 53, 1,2층 (초량동)",부산광역시 동구 초량동 424-5 ,
휴게음식점,댄싱컵 초량점,"부산광역시 동구 홍곡로 50, 근린생활시설-2동 207호 (초량동, e편한세상 부산항)",부산광역시 동구 초량동 1218 e편한세상 부산항 ,
휴게음식점,씨유 초량반도보라,"부산광역시 동구 중앙대로320번길 10, 103호 (초량동, 초량동반도보라스카이뷰)",부산광역시 동구 초량동 1155 초량동반도보라스카이뷰 ,
휴게음식점,공차 부산역광장점,"부산광역시 동구 중앙대로 197, 1층 (초량동)",부산광역시 동구 초량동 1208-18 ,
휴게음식점,아덴블랑제리 초량점,"부산광역시 동구 홍곡중로 2, 지하1층 (수정동)",부산광역시 동구 수정동 1032-26 ,051-911-1239
휴게음식점,호랑이쥬스,"부산광역시 동구 중앙대로251번길 24, 1층 (초량동)",부산광역시 동구 초량동 49-7 ,
휴게음식점,세븐일레븐 초량한양점,"부산광역시 동구 중앙대로236번길 3-12, 1층 (초량동)",부산광역시 동구 초량동 1194-2 ,
휴게음식점,백미당,"부산광역시 동구 중앙대로 206, 한국철도공사부산지역본부 부산역사내 2층 (초량동)",부산광역시 동구 초량동 1187-1 한국철도공사부산지역본부 ,051-463-4071
휴게음식점,텐퍼센트 부산차이나타운점,"부산광역시 동구 중앙대로 183, 1층 (초량동)",부산광역시 동구 초량동 1209-6 ,
휴게음식점,주식회사 버닝부시,"부산광역시 동구 중앙대로 449-8, 1층 (좌천동)",부산광역시 동구 좌천동 511 ,
휴게음식점,빡벳커피 좌천점,"부산광역시 동구 고관로 142-1, 1층 (수정동)",부산광역시 동구 수정동 227-59 ,
휴게음식점,펠어커피,"부산광역시 동구 고관로 82, 1층 (수정동)",부산광역시 동구 수정동 100-13 ,
휴게음식점,배스킨라빈스 부산진역점,"부산광역시 동구 진성로 4, 1층 (수정동)",부산광역시 동구 수정동 1-108 ,
휴게음식점,씨유 수정진미점,"부산광역시 동구 망양로 691-1, 1층 (수정동)",부산광역시 동구 수정동 1161-18 ,
휴게음식점,하삼동커피 동구청점,"부산광역시 동구 고관로 96-1, 1층 (수정동)",부산광역시 동구 수정동 120-4 ,
휴게음식점,구우당(범일역점),"부산광역시 동구 범일로 지하 108, 범일역 지하상가 11호 (범일동)",부산광역시 동구 범일동 949 ,
휴게음식점,크레비스(crevice),"부산광역시 동구 중앙대로 288, 홍인빌딩 1층 1호 (초량동)",부산광역시 동구 초량동 1163-10 홍인빌딩 ,051-711-3877
휴게음식점,청솔로9 초량점,"부산광역시 동구 고관로29번길 45, 1층 (초량동)",부산광역시 동구 초량동 92-22 ,051-465-0795
휴게음식점,어오케이커피 범일점,"부산광역시 동구 범일로90번길 17, 1층 111 일부호 (범일동, 범일동 삼정그린코아 더시티)",부산광역시 동구 범일동 830-62 범일동 삼정그린코아 더시티 ,
휴게음식점,지에스(GS)25 부산시티점,"부산광역시 동구 중앙대로 192, 한국교직원공제회 부산회관 1층 (초량동)",부산광역시 동구 초량동 1205-1 한국교직원공제회 부산회관 ,051-462-6540
휴게음식점,매머드익스프레스 부산범일점,"부산광역시 동구 자성로133번길 31, 105호 (범일동)",부산광역시 동구 범일동 830-130 신일빌딩 ,
휴게음식점,다온커피,"부산광역시 동구 중앙대로 531-1, 2층 (범일동)",부산광역시 동구 범일동 61-6 ,
휴게음식점,컴포즈커피,"부산광역시 동구 중앙대로349번길 42, 1층 (수정동)",부산광역시 동구 수정동 96-5 ,
휴게음식점,지에스25 수정동일점,"부산광역시 동구 홍곡남로 18, 1층 (수정동)",부산광역시 동구 수정동 1043-163 ,
휴게음식점,이바구계란빵,"부산광역시 동구 고관로 95-1, 1층 (수정동)",부산광역시 동구 수정동 312-7 ,
휴게음식점,블루샥 하버시티점,"부산광역시 동구 범일로 21, 단지내 상가동 1층 102호 (범일동, 두산위브더제니스하버시티)",부산광역시 동구 범일동 0 두산위브더제니스하버시티 ,
휴게음식점,하삼동커피 하버시티점,"부산광역시 동구 범일로 21, 단지내 상가동 105호 (범일동, 두산위브더제니스하버시티)",부산광역시 동구 범일동 0 두산위브더제니스하버시티 ,
휴게음식점,텐퍼센트커피 초량베스티움점,"부산광역시 동구 홍곡로 37, 301동 101호 (초량동, 초량베스티움센트럴베이)",부산광역시 동구 초량동 723 초량베스티움센트럴베이 ,
휴게음식점,지에스25 부산동구청점,"부산광역시 동구 수정동로 21, 1층 (수정동)",부산광역시 동구 수정동 804-15 ,
휴게음식점,더리터 부산수정점,"부산광역시 동구 수정중로 14, 1층 (수정동)",부산광역시 동구 수정동 800-16 ,
휴게음식점,앤유PC방 부산역점,"부산광역시 동구 중앙대로196번길 10, 부산역라마다앙코르호텔 B101호 (초량동)",부산광역시 동구 초량동 1204-1 부산역라마다앙코르호텔 ,
휴게음식점,요있다커피(카페요있다),"부산광역시 동구 중앙대로221번길 18, 1층 (초량동)",부산광역시 동구 초량동 390-10 ,
휴게음식점,커피데이,"부산광역시 동구 진성로 8, 1층 (수정동)",부산광역시 동구 수정동 1-2 ,
휴게음식점,사오커피(SAO coffee),"부산광역시 동구 정공단로 45, 1층 (범일동)",부산광역시 동구 범일동 173 ,
휴게음식점,아브니르(Avenir) 쟈뎅 드 로즈(Jardin De Rose),"부산광역시 동구 증산로 40, 아브니르(Avenir) 2~3층 (좌천동)",부산광역시 동구 좌천동 838-2 아브니르(Avenir) ,
휴게음식점,갓내린커피,"부산광역시 동구 범일로 11, 경남산업연수원 1층 (범일동)",부산광역시 동구 범일동 252-133 경남산업연수원 ,
휴게음식점,커피로만(CoffeeRoman)범일점,"부산광역시 동구 범일로90번길 17, 1층 109호 (범일동, 범일동 삼정그린코아 더시티)",부산광역시 동구 범일동 830-62 범일동 삼정그린코아 더시티 ,
휴게음식점,쓰리엑스라지,"부산광역시 동구 중앙대로 240, 1층 (초량동)",부산광역시 동구 초량동 1193-5 ,
휴게음식점,지에스25 범일삼정시티점,"부산광역시 동구 범일로102번길 16-14, 1층 (범일동)",부산광역시 동구 범일동 830-280 ,
휴게음식점,요있다커피 초량점,"부산광역시 동구 중앙대로236번길 3-10, 1층 (초량동)",부산광역시 동구 초량동 1194-3 ,
휴게음식점,고더커피 범일조방타운,"부산광역시 동구 범일로90번길 4, 1층 (범일동)",부산광역시 동구 범일동 631-4 ,051-637-7775
휴게음식점,하루한끼,"부산광역시 동구 조방로 14, 동일타워 2층 2-216호 (범일동)",부산광역시 동구 범일동 830-140 동일타워 ,
휴게음식점,뽕디치(BBONG DI CHI),"부산광역시 동구 중앙대로371번길 73, 1층 (수정동)",부산광역시 동구 수정동 553-11 ,
휴게음식점,세븐일레븐 부산로미오점,"부산광역시 동구 중앙대로274번길 7-3, 102호 (초량동, 부산역 유림 줄리엣)",부산광역시 동구 초량동 1165-11 부산역 유림 줄리엣 ,
휴게음식점,딥커피스트릿,"부산광역시 동구 중앙대로214번길 3-2, 1층 (초량동)",부산광역시 동구 초량동 1200-11 ,
휴게음식점,이디야커피 부산아모레퍼시픽점,부산광역시 동구 중앙대로 276 (주)아모레퍼시픽 1층 (초량동),부산광역시 동구 초량동 1164-9 (주)아모레퍼시픽 ,
휴게음식점,고관 명물 꽈배기방,"부산광역시 동구 고관로 95, 1층 (수정동)",부산광역시 동구 수정동 309-7 ,051-464-0303
휴게음식점,백억커피 부산역점,"부산광역시 동구 중앙대로 185, 103호 (초량동)",부산광역시 동구 초량동 1209-5 ,
휴게음식점,호연,"부산광역시 동구 중앙대로195번가길 47, 1층 (초량동)",부산광역시 동구 초량동 423-37 ,
휴게음식점,산아래,부산광역시 동구 망양로 842 (수정동),부산광역시 동구 수정동 420-4 ,
휴게음식점,커피쿡 수정점,"부산광역시 동구 중앙대로371번길 55, 1층 (수정동)",부산광역시 동구 수정동 547-21 ,
휴게음식점,아몽즈커피 범일동일타워점,"부산광역시 동구 조방로 14, 동일타워 105호 (범일동)",부산광역시 동구 범일동 830-140 동일타워 ,
휴게음식점,원더풀꽈배기 초량점,"부산광역시 동구 초량중로 98-1, 1층 (초량동)",부산광역시 동구 초량동 142-3 1층 ,
휴게음식점,세븐일레븐 부산일보점,"부산광역시 동구 중앙대로 365, 1층 (수정동)",부산광역시 동구 수정동 1-10 ,
휴게음식점,나베야,"부산광역시 동구 자성로133번길 16, 시민회관 2층 (범일동)",부산광역시 동구 범일동 830-31 시민회관 ,
휴게음식점,카페드크래프트,"부산광역시 동구 중앙대로 331, 메리츠화재 1층 (초량동)",부산광역시 동구 초량동 1143-1 메리츠화재 ,
휴게음식점,김치로,"부산광역시 동구 고관로 133-1, 1층 (수정동)",부산광역시 동구 수정동 232-7 1층 ,051-441-1050
휴게음식점,커피디자인 빈,"부산광역시 동구 망양로 516-4, 5동 301호 일부호 (초량동, 초량화신아파트)",부산광역시 동구 초량동 865-166 초량화신아파트 ,
휴게음식점,올선데이베이글 부산역점,"부산광역시 동구 중앙대로209번길 15, 1층 (초량동)",부산광역시 동구 초량동 465-9 ,
휴게음식점,라빈,"부산광역시 동구 범일로 119, 좋은문화병원 1층 (범일동)",부산광역시 동구 범일동 899-8 좋은문화병원 ,
휴게음식점,오엑스피씨(OXPC)방 초량육거리점,"부산광역시 동구 초량중로 95, 2층 (초량동)",부산광역시 동구 초량동 135-9 ,
휴게음식점,스윗앤샷(초량점),"부산광역시 동구 고관로 70, 상가동 지1층 상가2호 (초량동, 신우아파트)",부산광역시 동구 초량동 1143-15 신우아파트 ,
휴게음식점,비첸향 현대부산점,"부산광역시 동구 범일로 125, 현대백화점 부산점 지하2층 (범일동)",부산광역시 동구 범일동 62-5 현대백화점 부산점 ,
휴게음식점,고디바 커넥트현대 베이커리,"부산광역시 동구 범일로 125, 커넥트현대 1층 (범일동)",부산광역시 동구 범일동 62-5 커넥트현대 ,
휴게음식점,미스타쌀국수 커넥트현대부산점,"부산광역시 동구 범일로 125, 커넥트현대 지하2층 (범일동)",부산광역시 동구 범일동 62-5 커넥트현대 ,
휴게음식점,홍미단,"부산광역시 동구 범일로 125, 커넥트현대 지하2층 (범일동)",부산광역시 동구 범일동 62-5 커넥트현대 ,
휴게음식점,오네쉬,"부산광역시 동구 범일로 125, 커넥트현대 지하2층 (범일동)",부산광역시 동구 범일동 62-5 커넥트현대 ,
휴게음식점,다리집 커넥트현대부산점,"부산광역시 동구 범일로 125, 커넥트현대 지하2층 (범일동)",부산광역시 동구 범일동 62-5 커넥트현대 ,
휴게음식점,호두앤,"부산광역시 동구 범일로 125, 커넥트현대 지하2층 (범일동)",부산광역시 동구 범일동 62-5 커넥트현대 ,
휴게음식점,지에스(GS)225 발리아쿠아랜드,"부산광역시 동구 중앙대로195번길 24, 발리 아쿠아랜드 5층 (초량동)",부산광역시 동구 초량동 542 발리 아쿠아랜드 ,
휴게음식점,카페일리터 동구점,"부산광역시 동구 고관로 144, 1층 (수정동)",부산광역시 동구 수정동 228-48 ,
휴게음식점,보리식혜,"부산광역시 동구 증산서로 36, 1층 (좌천동)",부산광역시 동구 좌천동 902-19 ,
휴게음식점,하이오커피 엠라운지(M.Lounge)세일병원점,"부산광역시 동구 중앙대로 317, 세일병원 1층 (초량동)",부산광역시 동구 초량동 1144-3 세일병원 ,
휴게음식점,그릭하다 부산역점,"부산광역시 동구 초량상로79번길 33-7, 1층 (초량동)",부산광역시 동구 초량동 931-25 ,
휴게음식점,씨유 범일자유마켓점,"부산광역시 동구 조방로42번길 2, 1층 (범일동)",부산광역시 동구 범일동 830-166 ,
휴게음식점,브레드174,"부산광역시 동구 고관로29번길 51, 1층 (초량동)",부산광역시 동구 초량동 638-4 ,051-916-1381
휴게음식점,스몰굿커피 범일역,"부산광역시 동구 범일로102번길 2, 1층 (범일동)",부산광역시 동구 범일동 832-3 ,
휴게음식점,3엑스엘(XL)커피 부산삼성화재사옥점,"부산광역시 동구 중앙대로 184, 삼성화재 부산초량사옥 지하1층 (초량동)",부산광역시 동구 초량동 1205-22 삼성화재 부산초량사옥 ,
휴게음식점,파운데이커피,"부산광역시 동구 초량중로 113, 이바구복합문화체육센터 1층 (초량동)",부산광역시 동구 초량동 103-5 이바구복합문화체육센터 ,
휴게음식점,인이 토스트,"부산광역시 동구 조방로 48, 1층 1080호 (범일동)",부산광역시 동구 범일동 830-24 ,
휴게음식점,하비카페 에이스,"부산광역시 동구 중앙대로320번길 7-8, 1층 (초량동)",부산광역시 동구 초량동 1154-3 ,
휴게음식점,플랜트 플레이스 부산(plant place busan),"부산광역시 동구 초량상로37번길 45, 이바구 정거장 1층 (초량동)",부산광역시 동구 초량동 994-321 이바구 정거장 ,
휴게음식점,먼스커피,"부산광역시 동구 범일로 125, 커넥트현대 9층 (범일동)",부산광역시 동구 범일동 62-5 커넥트현대 ,
휴게음식점,요아정 부산범일점,"부산광역시 동구 범일로90번길 17, 118호 (범일동, 범일동 삼정그린코아 더시티)",부산광역시 동구 범일동 830-62 범일동 삼정그린코아 더시티 ,
휴게음식점,오아시스 카페,"부산광역시 동구 성북로 39, 3층 (좌천동)",부산광역시 동구 좌천동 902-24 ,
휴게음식점,맛나,"부산광역시 동구 조방로 48, 1070~1072호 (범일동)",부산광역시 동구 범일동 830-24 ,
휴게음식점,스팅,"부산광역시 동구 망양로 577, 1층 (초량동)",부산광역시 동구 초량동 827-346 ,
휴게음식점,온죽플레이스,"부산광역시 동구 고관로 123, 1층 (수정동)",부산광역시 동구 수정동 244-1 ,
휴게음식점,이디야커피 부산역점,"부산광역시 동구 중앙대로 206, 한국철도공사부산지역본부 4층 (초량동)",부산광역시 동구 초량동 1187-1 한국철도공사부산지역본부 ,
휴게음식점,라르고,"부산광역시 동구 부산진성공원로3번길 14-1, 1층 (범일동)",부산광역시 동구 범일동 618-6 ,
휴게음식점,운커피,"부산광역시 동구 중앙대로195번길 13, 1층 (초량동)",부산광역시 동구 초량동 557-2 ,
휴게음식점,배붕,"부산광역시 동구 범일로102번길 20-6, 1층 (범일동)",부산광역시 동구 범일동 830-271 ,
휴게음식점,씨유 범일마제스타워점,"부산광역시 동구 자성로133번길 6, 104동 1층 1102호 (범일동, 진흥 마제스타워 범일)",부산광역시 동구 범일동 830-296 진흥 마제스타워 범일 ,
휴게음식점,삼진어묵 라마다점,"부산광역시 동구 중앙대로196번길 10, 부산역라마다앙코르호텔 101호 (초량동)",부산광역시 동구 초량동 1204-1 부산역라마다앙코르호텔 ,051-412-5468
휴게음식점,육거리계란빵,"부산광역시 동구 중앙대로251번길 50, 1층 (초량동)",부산광역시 동구 초량동 132-7 ,
휴게음식점,스타벅스 부산초량역점,"부산광역시 동구 중앙대로 244, 흥국생명보험(주)부산사옥 1층 일부 (초량동)",부산광역시 동구 초량동 1193-1 흥국생명보험(주)부산사옥 ,
휴게음식점,이디야커피 부산MBC점,"부산광역시 동구 자성로133번길 15, 부산문화방송 범일사옥 1층 (범일동)",부산광역시 동구 범일동 830-30 부산문화방송 범일사옥 ,
휴게음식점,웰컴푸드,"부산광역시 동구 이순신대로 164, 북항친수공원 일원 (초량동)",부산광역시 동구 초량동 1259 ,
휴게음식점,씨유 부산역광장점,"부산광역시 동구 중앙대로196번길 16-12, 1층 (초량동)",부산광역시 동구 초량동 1203-14 ,
휴게음식점,빵다무르 커넥트현대,"부산광역시 동구 범일로 125, 커넥트현대 지하2층 (범일동)",부산광역시 동구 범일동 62-5 커넥트현대 ,
휴게음식점,당근김밥,"부산광역시 동구 성남로 67, 1층 (좌천동)",부산광역시 동구 좌천동 68-576 ,
휴게음식점,프롬(From),"부산광역시 동구 고관로13번길 23, 지하1층 (초량동)",부산광역시 동구 초량동 65-4 ,
휴게음식점,레터하우스,"부산광역시 동구 중앙대로 263, 국제오피스텔 2층 202호 (초량동)",부산광역시 동구 초량동 1147-14 국제오피스텔 ,051-714-2112
휴게음식점,히스피 수정점,"부산광역시 동구 중앙대로371번길 12, 조광빌딩 1층 (수정동)",부산광역시 동구 수정동 1-131 조광빌딩 ,
휴게음식점,키노앙,"부산광역시 동구 범일로 125, 커넥트현대 지하2층 (범일동)",부산광역시 동구 범일동 62-5 커넥트현대 ,051-556-7789
휴게음식점,씨유 부산제일점,"부산광역시 동구 중앙대로196번길 6-14, 1층 (초량동)",부산광역시 동구 초량동 1205-20 ,
휴게음식점,백미당 커넥트현대 부산점,"부산광역시 동구 범일로 125, 커넥트현대 지하2층 (범일동)",부산광역시 동구 범일동 62-5 커넥트현대 ,051-667-0844
휴게음식점,만두제일가,"부산광역시 동구 범일로 125, 커넥트현대 지하2층 (범일동)",부산광역시 동구 범일동 62-5 커넥트현대 ,
휴게음식점,그린케이크하우스,"부산광역시 동구 중앙대로195번길 13, 4층 (초량동)",부산광역시 동구 초량동 557-2 ,
휴게음식점,푸드트래블 5호,"부산광역시 동구 이순신대로 164, 북항친수공원 (초량동)",부산광역시 동구 초량동 1259 ,
휴게음식점,카페인,"부산광역시 동구 이순신대로 164, 북항친수공원 (초량동)",부산광역시 동구 초량동 1259 ,
휴게음식점,수성,"부산광역시 동구 이순신대로 164, 북항친수공원 (초량동)",부산광역시 동구 초량동 1259 ,
휴게음식점,이프커피,"부산광역시 동구 조방로 41, 101호 (범일동)",부산광역시 동구 범일동 830-251 ,
휴게음식점,설빙 초량점,"부산광역시 동구 초량로 33, 2층 (초량동)",부산광역시 동구 초량동 280 ,051-464-2464
휴게음식점,어랏커피 부산역점,"부산광역시 동구 대영로243번길 14, 1층 (초량동)",부산광역시 동구 초량동 619-5 ,
휴게음식점,이마트24 좋은문화병원점,"부산광역시 동구 범일로 119, 좋은문화병원 본관 1층 (범일동)",부산광역시 동구 범일동 899-8 좋은문화병원 ,
휴게음식점,훈이네떡볶이,"부산광역시 동구 중앙대로371번길 19, 1층 (수정동)",부산광역시 동구 수정동 189-14 ,
휴게음식점,아빠가계시던자리,"부산광역시 동구 망양로 872, 1층 (좌천동)",부산광역시 동구 좌천동 906-33 ,
휴게음식점,스타벅스 부산역 3번 출구점,"부산광역시 동구 중앙대로 191, 1층 (초량동)",부산광역시 동구 초량동 1209-15 ,
휴게음식점,고관 명물 꽈배기방 커넥트현대 부산점,"부산광역시 동구 범일로 125, 커넥트현대 지하2층 (범일동)",부산광역시 동구 범일동 62-5 커넥트현대 ,
휴게음식점,빵집오빠&다방오빠 부산진역점,"부산광역시 동구 중앙대로371번길 9, 1층 (수정동)",부산광역시 동구 수정동 3-3 ,
휴게음식점,씨유 부산역점,"부산광역시 동구 중앙대로180번길 12-10, 1층 (초량동)",부산광역시 동구 초량동 1212-3 ,
휴게음식점,쓰리엑스라지커피(3X-LARGE COFFEE),"부산광역시 동구 중앙대로361번길 14, 1층 (수정동)",부산광역시 동구 수정동 3 ,
휴게음식점,(주)미르에프엔비,"부산광역시 동구 범일로 125, 커넥트현대 지하2층 (범일동)",부산광역시 동구 범일동 62-5 커넥트현대 ,
휴게음식점,오사카 오지상 치즈케이크,"부산광역시 동구 범일로 125, 커넥트현대 지하2층 (범일동)",부산광역시 동구 범일동 62-5 커넥트현대 ,
휴게음식점,스콘티,"부산광역시 동구 중앙대로 535, 1층 (범일동)",부산광역시 동구 범일동 28-7 ,
